!	exclamación de cierre	exclamación	signo de admiración	sorpresa
#	almohadilla	hashtag	numeral	número	sostenido
#⃣	Teclas: #	Teclas
$	dólar	USD	dinero	peso
%	porcentaje	por cien	por ciento	tanto por ciento
&	ampersand	and	et	y
'	comillas rectas	apóstrofo	comillas	comillas simples
)	paréntesis de cierre	cerrar paréntesis	paréntesis
*	asterisco	comodín
*⃣	Teclas: *	Teclas
+	signo más	más	suma	sumar
,	coma
-	guion menos	guion	menos	raya
.	punto
/	barra	barrita	diagonal	inclinada	oblicua
0⃣	tecla: 0	0	cero	tecla
1⃣	tecla: 1	1	tecla	uno
2⃣	tecla: 2	2	dos	tecla
3⃣	tecla: 3	3	tecla	tres
4⃣	tecla: 4	4	cuatro	tecla
5⃣	tecla: 5	5	cinco	tecla
6⃣	tecla: 6	6	seis	tecla
7⃣	tecla: 7	7	siete	tecla
8⃣	tecla: 8	8	ocho	tecla
9⃣	tecla: 9	9	nueve	tecla
:	dos puntos
;	punto y coma
<	menor que	antilambda	corchete angular	etiqueta	etiqueta de apertura
=	igual	igual a
>	mayor que	antilambda	corchete angular	etiqueta	etiqueta de cierre
?	interrogación de cierre	interrogación	pregunta	signo de interrogación
@	arroba	@	Internet	correo	símbolo
[	corchete de apertura	abrir corchetes	corchete	paréntesis
\	barra invertida	backlash	barra	contrabarra	diagonal inversa	diagonal invertida	inversa
]	corchete de cierre	cerrar corchetes	corchete	paréntesis
^	acento circunflejo	acento	circunflejo	control	intercalación	potencia
_	guion bajo	guion	línea	raya	subrayado
`	acento grave	acento	grave	tono
{	llave de apertura	abrir llaves	llave	paréntesis
|	línea vertical	barra	palo	pleca
}	llave de cierre	cerrar llaves	llave	paréntesis
~	virgulilla	tilde de la eñe
¡	exclamación de apertura	exclamación	signo de admiración	sorpresa
¢	céntimo	centavo
£	libra esterlina	EGP	GBP	divisa	libra	moneda
¤	moneda desconocida
¥	yen	CNY	JPY	divisa	moneda	yuan
§	signo de sección	párrafo	sección	signo	signo de párrafo
¨	diéresis	crema	tréma	umlaut
©	copyright	c	símbolo
«	comillas latinas de apertura	apertura	comillas angulares	comillas de apertura	comillas españolas	comillas francesas
¬	negación	no
®	marca registrada	r	símbolo de marca registrada
°	grado	o volada	o voladita
±	signo más/menos	mas	menos	signo
²	dos en superíndice	al cuadrado	dos	superíndice
³	tres en superíndice	al cubo	superíndice	tres
´	acento agudo	acento	agudo	tono
µ	símbolo de micro	medida	micro	signo	unidad
¶	calderón	marca de párrafo	párrafo	signo de párrafo
·	punto medio	alto	interpunto	medio	punto	punto centrado
¹	uno en superíndice	superíndice	uno
»	comillas latinas de cierre	cierre	comillas angulares	comillas de cierre	comillas españolas	comillas francesas
¿	interrogación de apertura	interrogación	pregunta	signo de interrogación
×	signo de multiplicación	multiplicación	multiplicar
÷	signo de división	dividir	división	lemnisco	signo	óbelo
֏	dram armenio
؋	afgani afgano
،	coma árabe	coma	árabe
؛	punto y coma árabe	punto y coma	árabe
؟	interrogación árabe	interrogación	pregunta	árabe
৳	taka bangladesí
฿	bat tailandés
៛	riel camboyano
‐	guion	menos	raya
–	guion corto	guion	semimenos
—	raya	guion largo
―	barra horizontal	barra	guion	horizontal	línea	raya
‘	apóstrofo izquierdo	apóstrofo	comillas	comillas simples
’	apóstrofo derecho	apóstrofo	comillas	comillas simples
‚	apóstrofo derecho bajo	apóstrofo	comillas	comillas bajas
“	comillas dobles izquierdas	comillas	comillas de apertura	comillas dobles
”	comillas dobles derechas	comillas	comillas alemanas	comillas de cierre	comillas dobles
„	comillas dobles derechas bajas	comillas	comillas alemanas	comillas de apertura	comillas dobles
†	signo de cruz	cruz	daga	obelisco
‡	signo de cruz doble	cruz	daga	doble	obelisco
•	bolo	boliche	punto	topo	viñeta
…	puntos suspensivos	elipsis	omisión	puntos
‧	punto de unión con guion	guion	punto	raya	unión
‰	por mil	tanto por mil
′	prima
″	doble prima	prima
‴	triple prima	prima
‸	intercalación	circunflejo	inserción
※	marca de referencia	asterisco japonés	omejirushi
‼	exclamación doble	!!	exclamación	puntuación	sorpresa
‽	exclarrogativo
‾	línea superpuesta	raya superpuesta	vinculum
⁂	asterismo	asteriscos
⁄	barra de fracción	fracción	trazo
⁉	exclamación e interrogación	!	!?	?	exclamación	interrogación
⁻	menos en superíndice	menos	superíndice
₡	colón costarricense
₢	cruceiro	BRB	moneda
₣	franco francés	franco	moneda
₤	lira	moneda
₥	milésimo	milésima
₦	naira nigeriano
₧	peseta española
₨	rupia	moneda
₩	won	KPW	KRW
₪	nuevo séquel israelí
₫	dong vietnamita
€	euro	EUR	divisa	moneda
₭	kip laosiano
₮	tugrik mongol
₰	penique alemán	moneda
₱	peso
₲	guaraní paraguayo
₳	austral	ARA	moneda
₴	grivna ucraniana
₵	cedi ghanés
₶	libra tornesa	moneda
₷	spesmilo	moneda
₸	tengue kazajo
₹	rupia india	divisa	moneda	rupia
₺	lira turca
₼	manat azerbaiyano
₽	rublo	divisa	moneda
₾	lari georgiano
₿	bitcóin	BTC	bitcoin
℗	copyright de grabación de sonido	copyright	grabación	sonido
™	símbolo de marca comercial	marca comercial
ℹ	información	i
←	flecha apuntando hacia la izquierda	apuntar	flecha	hacia la izquierda	izquierda
↑	flecha apuntando hacia arriba	apuntar	arriba	flecha	hacia arriba
→	flecha apuntando hacia la derecha	apuntar	derecha	flecha	hacia la derecha
↓	flecha apuntando hacia abajo	abajo	apuntar	flecha	hacia abajo
↔	flecha izquierda y derecha	derecha	dirección	flecha	izquierda
↕	flecha arriba y abajo	abajo	arriba	dirección	flecha
↖	flecha hacia la esquina superior izquierda	arriba	dirección	flecha	izquierda	noroeste
↗	flecha hacia la esquina superior derecha	arriba	derecha	dirección	flecha	noreste
↘	flecha hacia la esquina inferior derecha	abajo	derecha	dirección	flecha	sudeste
↙	flecha hacia la esquina inferior izquierda	abajo	dirección	flecha	izquierda	suroeste
↚	flecha hacia la izquierda tachada	flecha	izquierda	tachada
↛	flecha hacia la derecha tachada	derecha	flecha	tachada
↜	flecha de onda hacia la izquierda	flecha	izquierda	onda
↝	flecha de onda hacia la derecha	derecha	flecha	onda
↞	flecha de doble punta hacia la izquierda	doble	flecha	izquierda	punta
↟	flecha de doble punta hacia arriba	arriba	doble	flecha	punta
↠	flecha de doble punta hacia la derecha	derecha	doble	flecha	punta
↡	flecha de doble punta hacia abajo	abajo	doble	flecha	punta
↢	flecha hacia la izquierda con cola	cola	flecha	izquierda
↣	flecha hacia la derecha con cola	cola	derecha	flecha
↤	flecha hacia la izquierda desde barra	barra	flecha	izquierda
↥	flecha hacia arriba desde barra	arriba	barra	flecha
↦	flecha hacia la derecha desde barra	barra	derecha	flecha
↧	flecha hacia abajo desde barra	abajo	barra	flecha
↨	flecha arriba abajo con base	abajo	arriba	base	flecha
↩	flecha derecha curvándose a la izquierda	curva	dirección	flecha	izquierda
↪	flecha izquierda curvándose a la derecha	curva	derecha	dirección	flecha
↫	flecha hacia la izquierda con bucle	bucle	flecha	izquierda
↬	flecha hacia la derecha con bucle	bucle	derecha	flecha
↭	flecha de onda hacia la izquierda y la derecha	derecha	flecha	izquierda	onda
↮	flecha hacia la izquierda y la derecha tachada	derecha	flecha	izquierda	tachada
↯	flecha en zigzag hacia abajo	abajo	flecha	zigzag
↰	flecha hacia arriba con punta hacia la izquierda	arriba	flecha	izquierda	punta
↱	flecha hacia arriba con punta hacia la derecha	arriba	derecha	flecha	punta
↲	flecha hacia abajo con punta hacia la izquierda	abajo	flecha	izquierda	punta
↳	flecha hacia abajo con punta hacia la derecha	abajo	derecha	flecha	punta
↴	flecha hacia la derecha con ángulo hacia abajo	abajo	derecha	flecha	ángulo
↵	flecha hacia abajo con ángulo hacia la izquierda	abajo	flecha	izquierda	ángulo
↶	flecha en semicírculo superior hacia la izquierda	flecha	izquierda	semicírculo	superior
↷	flecha en semicírculo superior hacia la derecha	derecha	flecha	semicírculo	superior
↸	flecha hacia el noroeste con barra larga	barra	flecha	larga	noroeste
↹	flecha hacia la izquierda con barra sobre flecha hacia la derecha con barra	barra	derecha	flecha	izquierda	sobre
↺	círculo abierto con flecha en sentido antihorario	abierto	antihorario	círculo	flecha	sentido
↻	círculo abierto con flecha en sentido horario	abierto	círculo	flecha	horario	sentido
↼	arpón hacia la izquierda con la punta hacia arriba	arpón	arriba	izquierda	punta
↽	arpón hacia la izquierda con la punta hacia abajo	abajo	arpón	izquierda	punta
↾	arpón hacia arriba con la punta hacia la derecha	arpón	arriba	derecha	punta
↿	arpón hacia arriba con la punta hacia la izquierda	arpón	arriba	izquierda	punta
⇀	arpón hacia la derecha con la punta hacia arriba	arpón	arriba	derecha	punta
⇁	arpón hacia la derecha con la punta hacia abajo	abajo	arpón	derecha	punta
⇂	arpón hacia abajo con la punta hacia la derecha	abajo	arpón	derecha	punta
⇃	arpón hacia abajo con la punta hacia la izquierda	abajo	arpón	izquierda	punta
⇄	flecha hacia la derecha sobre flecha hacia la izquierda	derecha	flecha	izquierda	sobre
⇅	flechas apuntando arriba y abajo	abajo	apuntar	arriba	flecha	hacia abajo	hacia arriba
⇆	flechas apuntando izquierda sobre derecha	apuntar	derecha	flecha	hacia la derecha	hacia la izquierda	izquierda
⇇	pareja de flechas hacia la izquierda	flechas	izquierda	pareja
⇈	pareja de flechas hacia arriba	arriba	flechas	pareja
⇉	pareja de flechas hacia la derecha	derecha	flechas	pareja
⇊	pareja de flechas hacia abajo	abajo	flechas	pareja
⇋	arpón hacia la izquierda sobre arpón hacia la derecha	arpón	derecha	izquierda	sobre
⇌	arpón hacia la derecha sobre arpón hacia la izquierda	arpón	derecha	izquierda	sobre
⇍	flecha doble hacia la izquierda tachada	doble	flecha	izquierda	tachada
⇎	flecha doble hacia la izquierda y la derecha tachada	derecha	doble	flecha	izquierda	tachada
⇏	flecha doble hacia la derecha tachada	derecha	doble	flecha	tachada
⇐	flecha doble hacia la izquierda	doble	flecha	izquierda
⇑	flecha doble hacia arriba	arriba	doble	flecha
⇒	flecha doble hacia la derecha	derecha	doble	flecha
⇓	flecha doble hacia abajo	abajo	doble	flecha
⇔	flecha doble hacia la izquierda y la derecha	derecha	doble	flecha	izquierda
⇖	flecha doble hacia el noroeste	doble	flecha	noroeste
⇗	flecha doble hacia el nordeste	doble	flecha	nordeste
⇘	flecha doble hacia sudeste	doble	flecha	sudeste
⇙	flecha doble hacia el sudoeste	doble	flecha	sudoeste
⇚	flecha triple hacia la izquierda	flecha	izquierda	triple
⇛	flecha triple hacia la derecha	derecha	flecha	triple
⇜	flecha ondulada hacia la izquierda	flecha	izquierda	ondulada
⇝	flecha ondulada hacia la derecha	derecha	flecha	ondulada
⇞	flecha hacia arriba con doble tachado	arriba	doble	flecha	tachado
⇟	flecha hacia abajo con doble tachado	abajo	doble	flecha	tachado
⇠	flecha discontinua hacia la izquierda	discontinua	flecha	izquierda
⇡	flecha discontinua hacia arriba	arriba	discontinua	flecha
⇢	flecha discontinua hacia la derecha	derecha	discontinua	flecha
⇣	flecha discontinua hacia abajo	abajo	discontinua	flecha
⇤	flecha hacia la izquierda con barra	barra	flecha	izquierda
⇥	flecha hacia la derecha con barra	barra	derecha	flecha
⇦	flecha hueca hacia la izquierda	flecha	hueca	izquierda
⇧	flecha hueca hacia arriba	arriba	flecha	hueca
⇨	flecha hueca hacia la derecha	derecha	flecha	hueca
⇩	flecha hueca hacia abajo	abajo	flecha	hueca
⇪	flecha hueca hacia arriba desde barra	arriba	barra	flecha	hueca
⇵	flecha hacia abajo a la izquierda de flecha hacia arriba	abajo	arriba	flecha	izquierda
∀	para todo	cualquiera	todo	universal
∂	derivada parcial	diferencial
∃	existe
∅	conjunto vacío	matemáticas
∆	incremento	triángulo
∇	nabla	triángulo
∈	elemento de	conjunto	contiene	elemento	miembro
∉	no es elemento	elemento
∋	contiene como miembro	elemento
∎	fin de la prueba	LQQD	QED	c. q. d.
∏	producto n-ario	lógica	producto
∑	sumativa n-aria	matemáticas	sumativa
−	signo menos	menos	resta	restar
∓	menos o más	más menos
∕	barra de división	barra	trazo
∗	operador de asterisco	asterisco
∘	operador de anillo	grado	o volada
∙	operador de bolo	bolo
√	raíz cuadrada	base	cuadrada	radical	raíz	sordo
∝	proporcional	proporcionalidad
∞	signo de infinito	infinito
∟	ángulo recto	matemáticas
∠	ángulo	agudo
∣	divide	divisor
∥	paralelo
∧	y lógica	circunflejo	cuña
∩	intersección	conjunto
∪	unión	colección	conjunto
∫	integral	cálculo
∬	doble integral	cálculo
∮	integral de contorno
∴	conclusión	lógica	por tanto
∵	porque	lógica
∶	ratio
∷	proporción	proporcionalidad
∼	operador de virgulilla	operador	tilde
∽	virgulilla inversa	tilde inversa
∾	s invertida horizontal
≃	asintóticamente igual a	asíntota	matemáticas
≅	aproximadamente igual a	congruencia	igualdad	isomorfismo	matemáticas
≈	casi igual	aproximación	aproximado	casi igual a
≌	todo igual	igualdad	matemáticas
≒	aproximadamente igual o la imagen de	aproximadamente	igual	imagen
≖	anillo en igual a	igualdad	matemáticas
≠	no igual	inecuación	inecualidad	no igual a
≡	equivalente a	equivalente	exacto	idéntico	menú de hamburguesa	triple
≣	estrictamente equivalente	igualdad	matemáticas
≤	menor que o igual	igual	igual a	inecualidad	menor que
≥	mayor que o igual	igual	igual a	inecualidad	mayor que
≦	menor que sobre igual	desigualdad	matemáticas
≧	mayor que sobre igual	desigualdad	matemáticas
≪	mucho menor que	desigualdad	matemáticas
≫	mucho mayor que	desigualdad	matemáticas	mayor que	mucho
≬	entre
≮	no menor que	desigualdad	matemáticas
≯	no mayor que	desigualdad	matemáticas
≳	equivalente mayor que	desigualdad	matemáticas
≺	precede	matemáticas
≻	sucede	matemáticas
⊁	no sucede	matemáticas
⊂	subconjunto de	conjunto	subconjunto
⊃	superconjunto de	matemáticas
⊆	subconjunto igual a	igual	subconjunto
⊇	superconjunto igual a	igual	igualdad	matemáticas	superconjunto
⊕	más dentro de círculo	más
⊖	menos dentro de círculo	diferencia simétrica	erosión
⊗	por dentro de círculo	producto	tensor
⊘	barra de división dentro de círculo	matemáticas
⊙	operador de punto dentro de círculo	XNOR	operador
⊚	operador de anillo dentro de círculo	anillo	círculo	operador
⊛	operador de asterisco dentro de círculo	asterisco	operador
⊞	más dentro de cuadrado	matemáticas
⊟	menos dentro de cuadrado	matemáticas
⊥	tachuela hacia arriba	contradicción	falsum
⊮	no fuerza	fuerza	no
⊰	precede en relación	precede
⊱	sucede en relación	matemáticas
⊶	original
⊹	matriz conjugada hermitiana	matemáticas	matriz autoadjunta	matriz cuadrada	matriz hermítica
⊿	triángulo rectángulo	matemáticas
⋁	o lógica n-aria	disyunción	lógica
⋂	intersección n-aria	intersección	matemáticas
⋃	unión n-aria	matemáticas	unión
⋅	operador de punto	operador
⋆	operador de estrella	operador
⋈	unión natural	operador binario	pajarita
⋒	doble intersección	intersección	matemáticas
⋘	mucho mucho menor que	desigualdad	matemáticas
⋙	mucho mucho mayor que	desigualdad	matemáticas
⋭	no contiene como subgrupo normal o igual a	matemáticas	teoría de grupos
⋮	puntos suspensivos verticales	elipsis	elipsis vertical	matemáticas
⋯	puntos suspensivos horizontales	elipsis
⋰	puntos suspensivos diagonales hacia arriba a la derecha	elipsis	matemáticas
⋱	puntos suspensivos diagonales hacia abajo a la derecha	elipsis	matemáticas
⌚	reloj
⌛	reloj de arena sin tiempo	arena	reloj	temporizador
⌨	teclado	ordenador
⏏	expulsar	botón
⏩	avance rápido	avanzar	doble	flecha
⏪	retroceso rápido	flecha	flecha doble a la izquierda	izquierda	rebobinado	rebobinar
⏫	triángulo doble hacia arriba	arriba	flecha
⏬	triángulo doble hacia abajo	triángulo	triángulo doble abajo
⏭	pista siguiente	raya vertical	siguiente	triángulos
⏮	pista anterior	atrás	escena anterior	triángulo
⏯	reproducir o pausa	pausa	reproducir	triángulo
⏰	reloj despertador	alarma	despertador	reloj
⏱	cronómetro	reloj
⏲	temporizador	reloj
⏳	reloj de arena con tiempo	reloj con arena cayendo	temporizador
⏸	pausa	barras	botón	vertical
⏹	detener	botón	cuadrado	parar
⏺	grabar	botón	círculo
Ⓜ	m en círculo	círculo	m
■	cuadrado relleno	cuadrado	relleno
□	cuadrado hueco	cuadrado	hueco
▢	cuadrado hueco con esquinas redondeadas	cuadrado	esquinas	hueco	redondeadas
▣	cuadrado hueco con cuadrado relleno dentro	cuadrado	dentro	hueco	relleno
▤	cuadrado con relleno de rayas horizontales	cuadrado	horizontales	rayas	relleno
▥	cuadrado con relleno de rayas verticales	cuadrado	rayas	relleno	verticales
▦	cuadrado con relleno de cuadrícula ortogonal	cuadrado	cuadrícula	ortogonal	relleno
▧	cuadrado con relleno de rayas desde arriba a la izquierda hasta abajo a la derecha	abajo	arriba	cuadrado	derecha	izquierda	rayas	relleno
▨	cuadrado con relleno de rayas desde arriba a la derecha hasta abajo a la izquierda	abajo	arriba	cuadrado	derecha	izquierda	rayas	relleno
▩	cuadrado con relleno de cuadrícula en diagonal	cuadrado	cuadrícula	diagonal	relleno
▪	cuadrado negro pequeño	cuadrado	geometría	negro
▫	cuadrado blanco pequeño	blanco	cuadrado	geometría
▬	rectángulo relleno	rectángulo	relleno
▭	rectángulo hueco	hueco	rectángulo
▮	rectángulo vertical relleno	rectángulo	relleno	vertical
▰	paralelogramo relleno	paralelogramo	relleno
▲	triángulo relleno apuntando hacia arriba	arriba	flecha	hacia arriba	relleno	triángulo
△	triángulo hueco que apunta hacia arriba	apunta	arriba	hueco	triángulo
▴	triángulo pequeño relleno que apunta hacia arriba	apunta	arriba	pequeño	relleno	triángulo
▵	triángulo pequeño hueco que apunta hacia arriba	apunta	arriba	hueco	pequeño	triángulo
▶	reproducir	botón de reproducción	flecha	triángulo
▷	triángulo hueco que apunta hacia la derecha	apunta	derecha	hueco	triángulo
▸	triángulo pequeño relleno que apunta hacia la derecha	apunta	derecha	pequeño	relleno	triángulo
▹	triángulo pequeño hueco que apunta hacia la derecha	apunta	derecha	hueco	pequeño	triángulo
►	puntero relleno que apunta hacia la derecha	apunta	derecha	puntero	relleno
▻	puntero hueco que apunta hacia la derecha	apunta	derecha	hueco	puntero
▼	triángulo relleno apuntando hacia abajo	abajo	flecha	hacia abajo	relleno	triángulo
▽	triángulo hueco que apunta hacia abajo	abajo	apunta	hueco	triángulo
▾	triángulo relleno pequeño que apunta hacia abajo	abajo	apunta	pequeño	relleno	triángulo
▿	triángulo hueco pequeño que apunta hacia abajo	abajo	apunta	hueco	pequeño	triángulo
◀	retroceso	izquierda	triángulo
◁	triángulo hueco que apunta hacia la izquierda	apunta	hueco	izquierda	triángulo
◂	triángulo relleno pequeño que apunta hacia la izquierda	apunta	izquierda	pequeño	relleno	triángulo
◃	triángulo hueco pequeño que apunta hacia la izquierda	apunta	hueco	izquierda	pequeño	triángulo
◄	puntero relleno que apunta hacia la izquierda	apunta	izquierda	puntero	relleno
◅	puntero hueco que apunta hacia la izquierda	apunta	hueco	izquierda	puntero
◆	rombo relleno	relleno	rombo
◇	rombo hueco	hueco	rombo
◈	rombo hueco con rombo relleno dentro	dentro	hueco	relleno	rombo
◉	círculo hueco con círculo relleno dentro	concéntricos	círculo	círculos	dentro	hueco	ojo de pez	punto	relleno
◊	rombo	diamante
○	círculo hueco	anillo	círculo	hueco
◌	círculo punteado	círculo	punteado
◍	círculo con relleno vertical	círculo	relleno	vertical
◎	círculos concéntricos	concéntricos	círculo	círculos	diana	doble
●	círculo relleno	círculo
◐	círculo con la mitad izquierda rellena	círculo	izquierda	mitad	rellena
◑	círculo con la mitad derecha rellena	círculo	derecha	mitad	rellena
◒	círculo con la mitad inferior rellena	círculo	inferior	mitad	rellena
◓	círculo con la mitad superior rellena	círculo	mitad	rellena	superior
◔	círculo con el cuadrante superior derecho relleno	cuadrante	círculo	derecho	relleno	superior
◕	círculo relleno excepto el cuadrante superior izquierdo	cuadrante	círculo	excepto	izquierdo	relleno	superior
◖	semicírculo izquierdo relleno	izquierdo	relleno	semicírculo
◗	semicírculo derecho relleno	derecho	relleno	semicírculo
◘	bolo inverso	bolo	inverso
◙	cuadrado relleno con círculo hueco dentro	cuadrado	círculo	dentro	hueco	inverso	relleno
◜	arco de cuadrante superior izquierdo de círculo	arco	cuadrante	círculo	izquierdo	superior
◝	arco de cuadrante superior derecho de círculo	arco	cuadrante	círculo	derecho	superior
◞	arco de cuadrante inferior derecho de círculo	arco	cuadrante	círculo	derecho	inferior
◟	arco de cuadrante inferior izquierdo de círculo	arco	cuadrante	círculo	inferior	izquierdo
◠	semicírculo superior	semicírculo	superior
◡	semicírculo inferior	inferior	semicírculo
◢	triángulo inferior derecho relleno	derecho	inferior	relleno	triángulo
◣	triángulo inferior izquierdo relleno	inferior	izquierdo	relleno	triángulo
◤	triángulo superior izquierdo relleno	izquierdo	relleno	superior	triángulo
◥	triángulo superior derecho relleno	derecho	relleno	superior	triángulo
◦	bolo hueco	bolo	hueco
◯	círculo hueco grande	anillo	círculo	hueco
◳	cuadrante superior derecho en cuadrado hueco	cuadrado	cuadrante	derecho	hueco	superior
◷	cuadrante superior derecho en círculo hueco	cuadrante	círculo	derecho	hueco	superior
◻	cuadrado blanco mediano	blanco	cuadrado	geometría
◼	cuadrado negro mediano	cuadrado	geometría	negro
◽	cuadrado blanco mediano-pequeño	blanco	cuadrado	geometría
◾	cuadrado negro mediano-pequeño	cuadrado	geometría	negro
◿	triángulo inferior derecho	derecho	inferior	triángulo
☀	sol	espacio	rayos	soleado
☁	nube	tiempo
☂	paraguas	lluvia	paraguas abierto
☃	muñeco de nieve con nieve	nieve
☄	meteorito	cometa	espacio
☎	teléfono
☑	casilla con marca de verificación	casilla	marca	selección	verificación	✓
☔	paraguas con gotas de lluvia	gotas	lluvia	paraguas
☕	bebida caliente	bebida	café	caliente	té
☘	trébol	planta
☝	dedo índice hacia arriba	apuntar	arriba	dedo	mano
☠	calavera y huesos cruzados	calavera	cara	huesos	muerte
☢	radiactivo	radiactividad	radioactividad	radioactivo	señal
☣	riesgo biológico	peligro	señal
☦	cruz ortodoxa	cruz	religión
☪	media luna y estrella	estrella	islam	luna	religión
☮	símbolo de la paz	paz
☯	yin yang	religión	taoísmo	yang	yin
☸	rueda del dharma	budismo	dharma	religión	rueda
☹	cara con el ceño fruncido	cara	ceño	fruncido
☺	cara sonriente	cara	contorno	relajado	sonrisa
♀	signo femenino	mujer	signo	símbolo
♂	signo masculino	hombre	signo	símbolo
♈	Aries	carnero	horóscopo	zodiaco
♉	Tauro	buey	horóscopo	toro	zodiaco
♊	Géminis	gemelos	horóscopo	zodiaco
♋	Cáncer	cangrejo	horóscopo	zodiaco
♌	Leo	horóscopo	león	zodiaco
♍	Virgo	horóscopo	zodiaco
♎	Libra	balanza	escala	horóscopo	justicia	zodiaco
♏	Escorpio	escorpión	horóscopo	zodiaco
♐	Sagitario	arquero	horóscopo	zodiaco
♑	Capricornio	cabra	horóscopo	zodiaco
♒	Acuario	agua	horóscopo	zodiaco
♓	Piscis	horóscopo	pescado	pez	zodiaco
♟	peón de ajedrez	ajedrez	peón
♠	palo de picas	carta	juego	palo	picas
♣	palo de tréboles	carta	juego	palo	tréboles
♥	palo de corazones	carta	corazones	juego	palo
♦	palo de diamantes	carta	diamantes	juego	palo
♨	aguas termales	termas	vapor
♪	corchea	música	nota
♭	bemol	música	nota
♯	sostenido	diesis	música	nota
♻	símbolo de reciclaje	reciclaje	reciclar	señal	símbolo universal de reciclaje sólido	universal
♾	infinito	ilimitado	siempre	universal
♿	símbolo de silla de ruedas	acceso	señal	silla	silla de ruedas	símbolo
⚒	martillo y pico	herramienta	martillo	pico
⚓	ancla	barco	gancho
⚔	espadas cruzadas	arma	cruzadas	espadas
⚕	símbolo de medicina	asclepio	esculapio	medicina	serpiente
⚖	balanza	justicia	libra	peso	zodiaco
⚗	alambique	herramienta	química
⚙	engranaje	herramienta
⚛	símbolo de átomo	símbolo	átomo
⚜	flor de lis	flor	lis
⚠	advertencia	cuidado	señal
⚡	alto voltaje	electricidad	peligro	peligro de alto voltaje	señal de alto voltaje	voltaje
⚧	símbolo de transgénero	transgénero
⚪	círculo blanco	círculo	geometría
⚫	círculo negro	círculo	geometría
⚰	ataúd	muerte
⚱	urna funeraria	funeraria	muerte	urna
⚽	balón de fútbol	balón	fútbol
⚾	béisbol	balón	baseball	pelota
⛄	muñeco de nieve	muñeco de nieve sin nieve	nieve
⛅	sol detrás de una nube	nube	sol	sol con nubes
⛈	nube con rayo y lluvia	lluvia	nube	trueno
⛎	Ofiuco	horóscopo	portador	serpiente	zodiaco
⛏	pico	herramienta	mina
⛑	casco con una cruz blanca	ayuda	cara	casco	cruz
⛓	cadenas	cadena
⛓‍💥	cadena rota	cadena	esposas	libertad	romper	rotura
⛔	dirección prohibida	no	prohibido	señal	señal de dirección prohibida
⛩	santuario sintoísta	japón	religión	santuario	sintoísmo
⛪	iglesia	cristianismo	cruz	edificio	religión
⛰	montaña	monte
⛱	sombrilla en la arena	arena	sol	sombrilla
⛲	fuente
⛳	banderín en hoyo	banderín	golf	hoyo
⛴	ferri	barco	ferry
⛵	velero	barco	barco de vela	yate
⛷	persona esquiando	esquiador	esquí	nieve
⛸	patín de hielo	hielo	patín
⛹	persona botando un balón	balón	botar	pelota
⛹‍♀	mujer botando un balón	balón	botar	mujer	pelota
⛹‍♂	hombre botando un balón	balón	botar	hombre	pelota
⛺	tienda de campaña	campaña	camping	tienda	vacaciones
⛽	surtidor de gasolina	bomba de gasolina	combustible	gasolina	surtidor
✂	tijeras	cortar	herramienta
✅	botón de marca de verificación	botón	marca	selección	verificación	✓
✈	avión	aeroplano
✉	sobre	carta	correo
✊	puño en alto	cerrado	mano	puñetazo	puño
✋	mano levantada	choca esos cinco	levantada	mano
✌	mano con señal de victoria	mano	señal de victoria	victoria
✍	mano escribiendo	escribir	lápiz	mano
✏	lápiz	escolar	escribir	lapicero
✒	pluma negra	bolígrafo	escribir	pluma	tinta
✔	marca de verificación	marca	selección	verificación	✓
✖	multiplicación	cancelar	marca	prohibido	signo de multiplicación	x	×
✝	cruz latina	cristianismo	cruz	religión
✡	estrella de David	David	estrella	judaísmo	judío	religión
✨	chispas	*	bengala	estrellas
✳	asterisco de ocho puntas	*	asterisco
✴	estrella de ocho puntas	*	estrella
❄	copo de nieve	frío	nieve
❇	chispa	*
❌	marca de cruz	cancelar	cruz	marca de tachado	tachar	x	×
❎	botón con marca de cruz	casilla	cruz	marca	x	×
❓	interrogación roja	?	interrogación	pregunta	puntuación	signo de interrogación
❔	interrogación blanca	?	interrogación	pregunta	puntuación
❕	exclamación blanca	!	exclamación	puntuación
❗	exclamación roja	!	exclamación	puntuación	signo de exclamación
❣	exclamación de corazón	corazón	exclamación	puntuación
❤	corazón rojo	corazón	emoción	rojo
❤‍🔥	corazón en llamas	amor	corazón	fuego	llamas	lujuria	pasión
❤‍🩹	corazón vendado	bien	curarse	mejor	mejorar	recuperación	salud
➕	más	+	signo	suma
➖	menos	-	resta	signo	−
➗	división	signo	signo de división	÷
➡	flecha hacia la derecha	derecha	dirección	este	flecha
➰	bucle	giro	tirabuzón
➿	bucle doble	bucle	doble
⤴	flecha derecha curvándose hacia arriba	arriba	curva	dirección	flecha
⤵	flecha derecha curvándose hacia abajo	abajo	curva	dirección	flecha
⨧	más subíndice dos	dos	más	subíndice
⨯	vector o producto cruzado	cruzado	producto	vector
⨼	producto interior	interior	producto
⩣	lógica o doble barra inferior	barra	doble	inferior	lógica	o
⩽	menor que o igual con barra inclinada	barra	igual	inclinada	menor que
⪍	menor que sobre igual o similar	igual	menor que	similar	sobre
⪚	doble línea sobre mayor que	desigualdad	matemáticas
⪺	sucede sobre signo de no casi igual	casi	igual	no	signo	sobre	sucede
⬅	flecha hacia la izquierda	flecha	izquierda	oeste
⬆	flecha hacia arriba	dirección	flecha	flecha arriba	norte
⬇	flecha hacia abajo	abajo	dirección	flecha	sur
⬛	cuadrado negro grande	cuadrado	geometría	negro
⬜	cuadrado blanco grande	blanco	cuadrado	geometría
⭐	estrella	estelar
⭕	círculo rojo hueco	aro	círculo	o	rojo
、	coma ideográfica	coma	ideográfica
。	punto ideográfico	ideográfico	punto
〈	corchete angular de apertura	abrir corches	antilambda	chevrón	corchete	corchete de apertura	tuple
〉	corchete angular de cierre	antilambda	cerrar corchetes	chevrón	corchete	corchete de cierre	tuple
《	corchete angular doble de apertura	abrir corchetes	antilambda	chevrón	comillas latinas	corchete	corchete de apertura
》	corchete angular doble de cierre	antilambda	cerrar corchetes	chevrón	comillas latinas	corchete	corchete de cierre
「	corchete esquinado de apertura	abrir corchetes	comillas chinas	comillas japonesas	corchete	corchete de apertura
」	corchete esquinado de cierre	cerrar corchetes	comillas chinas	comillas japonesas	corchete	corchete de cierre
『	corchete esquinado de apertura hueco	abrir corchetes	comillas chinas	comillas japonesas	corchete	corchete de apertura
』	corchete esquinado de cierre hueco	cerrar corchetes	comillas chinas	comillas japonesas	corchete	corchete de cierre
【	corchete lenticular de apertura	abrir corchetes	corchete	corchete de apertura	lenticular
】	corchete lenticular de cierre	cerrar corchetes	corchete	corchete de cierre	lenticular
〔	corchete caparazón tortuga de apertura	abrir corchetes	corchete	corchete de apertura	corchete tortuga
〕	corchete caparazón tortuga de cierre	cerrar corchetes	corchete	corchete de cierre	corchete tortuga
〖	corchete lenticular de apertura hueco	abrir corchetes	corchete	corchete de apertura	lenticular
〗	corchete lenticular de cierre hueco	cerrar corchetes	corchete	corchete de cierre	lenticular
〰	guion ondulado	guion	marca de sonido largo	ondulado
〽	marca de alternancia	alternancia	marca
・	punto medio katakana	katakana	punto	punto volado	puntos
㊗	ideograma japonés para "enhorabuena"	enhorabuena	ideograma	japonés	kanji
㊙	ideograma japonés para "secreto"	ideograma	japonés	kanji	secreto
🀄	dragón rojo de mahjong	dragón rojo	juego	mahjong
🃏	comodín	joker
🅰	grupo sanguíneo A	A	grupo	sanguíneo	tipo A
🅱	grupo sanguíneo B	B	grupo	sanguíneo	tipo B
🅾	grupo sanguíneo tipo O	grupo sanguíneo	o
🅿	aparcamiento	p	parking
🆎	grupo sanguíneo AB	AB	grupo	sanguíneo	tipo AB
🆑	borrar	símbolo
🆒	botón COOL	botón	cool	mola
🆓	botón FREE	gratis	símbolo gratis
🆔	símbolo de identificación	ID	identidad	símbolo identidad
🆕	botón NEW	NEW	botón	nuevo
🆖	botón NG	botón	ng	nuevo
🆗	botón OK	botón	ok
🆘	símbolo de socorro	ayuda	socorro	sos	símbolo
🆙	botón UP!	arriba	información	novedad	símbolo	up
🆚	botón VS	contra	frente a	símbolo	versus	vs
🇦🇨	Bandera: Isla de la Ascensión	Bandera
🇦🇩	Bandera: Andorra	Bandera
🇦🇪	Bandera: Emiratos Árabes Unidos	Bandera
🇦🇫	Bandera: Afganistán	Bandera
🇦🇬	Bandera: Antigua y Barbuda	Bandera
🇦🇮	Bandera: Anguila	Bandera
🇦🇱	Bandera: Albania	Bandera
🇦🇲	Bandera: Armenia	Bandera
🇦🇴	Bandera: Angola	Bandera
🇦🇶	Bandera: Antártida	Bandera
🇦🇷	Bandera: Argentina	Bandera
🇦🇸	Bandera: Samoa Americana	Bandera
🇦🇹	Bandera: Austria	Bandera
🇦🇺	Bandera: Australia	Bandera
🇦🇼	Bandera: Aruba	Bandera
🇦🇽	Bandera: Islas Aland	Bandera
🇦🇿	Bandera: Azerbaiyán	Bandera
🇧🇦	Bandera: Bosnia y Herzegovina	Bandera
🇧🇧	Bandera: Barbados	Bandera
🇧🇩	Bandera: Bangladés	Bandera
🇧🇪	Bandera: Bélgica	Bandera
🇧🇫	Bandera: Burkina Faso	Bandera
🇧🇬	Bandera: Bulgaria	Bandera
🇧🇭	Bandera: Baréin	Bandera
🇧🇮	Bandera: Burundi	Bandera
🇧🇯	Bandera: Benín	Bandera
🇧🇱	Bandera: San Bartolomé	Bandera
🇧🇲	Bandera: Bermudas	Bandera
🇧🇳	Bandera: Brunéi	Bandera
🇧🇴	Bandera: Bolivia	Bandera
🇧🇶	Bandera: Caribe neerlandés	Bandera
🇧🇷	Bandera: Brasil	Bandera
🇧🇸	Bandera: Bahamas	Bandera
🇧🇹	Bandera: Bután	Bandera
🇧🇻	Bandera: Isla Bouvet	Bandera
🇧🇼	Bandera: Botsuana	Bandera
🇧🇾	Bandera: Bielorrusia	Bandera
🇧🇿	Bandera: Belice	Bandera
🇨🇦	Bandera: Canadá	Bandera
🇨🇨	Bandera: Islas Cocos	Bandera
🇨🇩	Bandera: República Democrática del Congo	Bandera
🇨🇫	Bandera: República Centroafricana	Bandera
🇨🇬	Bandera: Congo	Bandera
🇨🇭	Bandera: Suiza	Bandera
🇨🇮	Bandera: Côte d’Ivoire	Bandera
🇨🇰	Bandera: Islas Cook	Bandera
🇨🇱	Bandera: Chile	Bandera
🇨🇲	Bandera: Camerún	Bandera
🇨🇳	Bandera: China	Bandera
🇨🇴	Bandera: Colombia	Bandera
🇨🇵	Bandera: Isla Clipperton	Bandera
🇨🇶	Bandera: Sark	Bandera
🇨🇷	Bandera: Costa Rica	Bandera
🇨🇺	Bandera: Cuba	Bandera
🇨🇻	Bandera: Cabo Verde	Bandera
🇨🇼	Bandera: Curazao	Bandera
🇨🇽	Bandera: Isla de Navidad	Bandera
🇨🇾	Bandera: Chipre	Bandera
🇨🇿	Bandera: Chequia	Bandera
🇩🇪	Bandera: Alemania	Bandera
🇩🇬	Bandera: Diego García	Bandera
🇩🇯	Bandera: Yibuti	Bandera
🇩🇰	Bandera: Dinamarca	Bandera
🇩🇲	Bandera: Dominica	Bandera
🇩🇴	Bandera: República Dominicana	Bandera
🇩🇿	Bandera: Argelia	Bandera
🇪🇦	Bandera: Ceuta y Melilla	Bandera
🇪🇨	Bandera: Ecuador	Bandera
🇪🇪	Bandera: Estonia	Bandera
🇪🇬	Bandera: Egipto	Bandera
🇪🇭	Bandera: Sáhara Occidental	Bandera
🇪🇷	Bandera: Eritrea	Bandera
🇪🇸	Bandera: España	Bandera
🇪🇹	Bandera: Etiopía	Bandera
🇪🇺	Bandera: Unión Europea	Bandera
🇫🇮	Bandera: Finlandia	Bandera
🇫🇯	Bandera: Fiyi	Bandera
🇫🇰	Bandera: Islas Malvinas	Bandera
🇫🇲	Bandera: Micronesia	Bandera
🇫🇴	Bandera: Islas Feroe	Bandera
🇫🇷	Bandera: Francia	Bandera
🇬🇦	Bandera: Gabón	Bandera
🇬🇧	Bandera: Reino Unido	Bandera
🇬🇩	Bandera: Granada	Bandera
🇬🇪	Bandera: Georgia	Bandera
🇬🇫	Bandera: Guayana Francesa	Bandera
🇬🇬	Bandera: Guernesey	Bandera
🇬🇭	Bandera: Ghana	Bandera
🇬🇮	Bandera: Gibraltar	Bandera
🇬🇱	Bandera: Groenlandia	Bandera
🇬🇲	Bandera: Gambia	Bandera
🇬🇳	Bandera: Guinea	Bandera
🇬🇵	Bandera: Guadalupe	Bandera
🇬🇶	Bandera: Guinea Ecuatorial	Bandera
🇬🇷	Bandera: Grecia	Bandera
🇬🇸	Bandera: Islas Georgia del Sur y Sandwich del Sur	Bandera
🇬🇹	Bandera: Guatemala	Bandera
🇬🇺	Bandera: Guam	Bandera
🇬🇼	Bandera: Guinea-Bisáu	Bandera
🇬🇾	Bandera: Guyana	Bandera
🇭🇰	Bandera: RAE de Hong Kong (China)	Bandera
🇭🇲	Bandera: Islas Heard y McDonald	Bandera
🇭🇳	Bandera: Honduras	Bandera
🇭🇷	Bandera: Croacia	Bandera
🇭🇹	Bandera: Haití	Bandera
🇭🇺	Bandera: Hungría	Bandera
🇮🇨	Bandera: Canarias	Bandera
🇮🇩	Bandera: Indonesia	Bandera
🇮🇪	Bandera: Irlanda	Bandera
🇮🇱	Bandera: Israel	Bandera
🇮🇲	Bandera: Isla de Man	Bandera
🇮🇳	Bandera: India	Bandera
🇮🇴	Bandera: Territorio Británico del Océano Índico	Bandera
🇮🇶	Bandera: Irak	Bandera
🇮🇷	Bandera: Irán	Bandera
🇮🇸	Bandera: Islandia	Bandera
🇮🇹	Bandera: Italia	Bandera
🇯🇪	Bandera: Jersey	Bandera
🇯🇲	Bandera: Jamaica	Bandera
🇯🇴	Bandera: Jordania	Bandera
🇯🇵	Bandera: Japón	Bandera
🇰🇪	Bandera: Kenia	Bandera
🇰🇬	Bandera: Kirguistán	Bandera
🇰🇭	Bandera: Camboya	Bandera
🇰🇮	Bandera: Kiribati	Bandera
🇰🇲	Bandera: Comoras	Bandera
🇰🇳	Bandera: San Cristóbal y Nieves	Bandera
🇰🇵	Bandera: Corea del Norte	Bandera
🇰🇷	Bandera: Corea del Sur	Bandera
🇰🇼	Bandera: Kuwait	Bandera
🇰🇾	Bandera: Islas Caimán	Bandera
🇰🇿	Bandera: Kazajistán	Bandera
🇱🇦	Bandera: Laos	Bandera
🇱🇧	Bandera: Líbano	Bandera
🇱🇨	Bandera: Santa Lucía	Bandera
🇱🇮	Bandera: Liechtenstein	Bandera
🇱🇰	Bandera: Sri Lanka	Bandera
🇱🇷	Bandera: Liberia	Bandera
🇱🇸	Bandera: Lesoto	Bandera
🇱🇹	Bandera: Lituania	Bandera
🇱🇺	Bandera: Luxemburgo	Bandera
🇱🇻	Bandera: Letonia	Bandera
🇱🇾	Bandera: Libia	Bandera
🇲🇦	Bandera: Marruecos	Bandera
🇲🇨	Bandera: Mónaco	Bandera
🇲🇩	Bandera: Moldavia	Bandera
🇲🇪	Bandera: Montenegro	Bandera
🇲🇫	Bandera: San Martín	Bandera
🇲🇬	Bandera: Madagascar	Bandera
🇲🇭	Bandera: Islas Marshall	Bandera
🇲🇰	Bandera: Macedonia del Norte	Bandera
🇲🇱	Bandera: Mali	Bandera
🇲🇲	Bandera: Myanmar (Birmania)	Bandera
🇲🇳	Bandera: Mongolia	Bandera
🇲🇴	Bandera: RAE de Macao (China)	Bandera
🇲🇵	Bandera: Islas Marianas del Norte	Bandera
🇲🇶	Bandera: Martinica	Bandera
🇲🇷	Bandera: Mauritania	Bandera
🇲🇸	Bandera: Montserrat	Bandera
🇲🇹	Bandera: Malta	Bandera
🇲🇺	Bandera: Mauricio	Bandera
🇲🇻	Bandera: Maldivas	Bandera
🇲🇼	Bandera: Malaui	Bandera
🇲🇽	Bandera: México	Bandera
🇲🇾	Bandera: Malasia	Bandera
🇲🇿	Bandera: Mozambique	Bandera
🇳🇦	Bandera: Namibia	Bandera
🇳🇨	Bandera: Nueva Caledonia	Bandera
🇳🇪	Bandera: Níger	Bandera
🇳🇫	Bandera: Isla Norfolk	Bandera
🇳🇬	Bandera: Nigeria	Bandera
🇳🇮	Bandera: Nicaragua	Bandera
🇳🇱	Bandera: Países Bajos	Bandera
🇳🇴	Bandera: Noruega	Bandera
🇳🇵	Bandera: Nepal	Bandera
🇳🇷	Bandera: Nauru	Bandera
🇳🇺	Bandera: Niue	Bandera
🇳🇿	Bandera: Nueva Zelanda	Bandera
🇴🇲	Bandera: Omán	Bandera
🇵🇦	Bandera: Panamá	Bandera
🇵🇪	Bandera: Perú	Bandera
🇵🇫	Bandera: Polinesia Francesa	Bandera
🇵🇬	Bandera: Papúa Nueva Guinea	Bandera
🇵🇭	Bandera: Filipinas	Bandera
🇵🇰	Bandera: Pakistán	Bandera
🇵🇱	Bandera: Polonia	Bandera
🇵🇲	Bandera: San Pedro y Miquelón	Bandera
🇵🇳	Bandera: Islas Pitcairn	Bandera
🇵🇷	Bandera: Puerto Rico	Bandera
🇵🇸	Bandera: Territorios Palestinos	Bandera
🇵🇹	Bandera: Portugal	Bandera
🇵🇼	Bandera: Palaos	Bandera
🇵🇾	Bandera: Paraguay	Bandera
🇶🇦	Bandera: Catar	Bandera
🇷🇪	Bandera: Reunión	Bandera
🇷🇴	Bandera: Rumanía	Bandera
🇷🇸	Bandera: Serbia	Bandera
🇷🇺	Bandera: Rusia	Bandera
🇷🇼	Bandera: Ruanda	Bandera
🇸🇦	Bandera: Arabia Saudí	Bandera
🇸🇧	Bandera: Islas Salomón	Bandera
🇸🇨	Bandera: Seychelles	Bandera
🇸🇩	Bandera: Sudán	Bandera
🇸🇪	Bandera: Suecia	Bandera
🇸🇬	Bandera: Singapur	Bandera
🇸🇭	Bandera: Santa Elena	Bandera
🇸🇮	Bandera: Eslovenia	Bandera
🇸🇯	Bandera: Svalbard y Jan Mayen	Bandera
🇸🇰	Bandera: Eslovaquia	Bandera
🇸🇱	Bandera: Sierra Leona	Bandera
🇸🇲	Bandera: San Marino	Bandera
🇸🇳	Bandera: Senegal	Bandera
🇸🇴	Bandera: Somalia	Bandera
🇸🇷	Bandera: Surinam	Bandera
🇸🇸	Bandera: Sudán del Sur	Bandera
🇸🇹	Bandera: Santo Tomé y Príncipe	Bandera
🇸🇻	Bandera: El Salvador	Bandera
🇸🇽	Bandera: Sint Maarten	Bandera
🇸🇾	Bandera: Siria	Bandera
🇸🇿	Bandera: Esuatini	Bandera
🇹🇦	Bandera: Tristán de Acuña	Bandera
🇹🇨	Bandera: Islas Turcas y Caicos	Bandera
🇹🇩	Bandera: Chad	Bandera
🇹🇫	Bandera: Territorios Australes Franceses	Bandera
🇹🇬	Bandera: Togo	Bandera
🇹🇭	Bandera: Tailandia	Bandera
🇹🇯	Bandera: Tayikistán	Bandera
🇹🇰	Bandera: Tokelau	Bandera
🇹🇱	Bandera: Timor-Leste	Bandera
🇹🇲	Bandera: Turkmenistán	Bandera
🇹🇳	Bandera: Túnez	Bandera
🇹🇴	Bandera: Tonga	Bandera
🇹🇷	Bandera: Turquía	Bandera
🇹🇹	Bandera: Trinidad y Tobago	Bandera
🇹🇻	Bandera: Tuvalu	Bandera
🇹🇼	Bandera: Taiwán	Bandera
🇹🇿	Bandera: Tanzania	Bandera
🇺🇦	Bandera: Ucrania	Bandera
🇺🇬	Bandera: Uganda	Bandera
🇺🇲	Bandera: Islas menores alejadas de EE. UU.	Bandera
🇺🇳	Bandera: Naciones Unidas	Bandera
🇺🇸	Bandera: Estados Unidos	Bandera
🇺🇾	Bandera: Uruguay	Bandera
🇺🇿	Bandera: Uzbekistán	Bandera
🇻🇦	Bandera: Ciudad del Vaticano	Bandera
🇻🇨	Bandera: San Vicente y las Granadinas	Bandera
🇻🇪	Bandera: Venezuela	Bandera
🇻🇬	Bandera: Islas Vírgenes Británicas	Bandera
🇻🇮	Bandera: Islas Vírgenes de EE. UU.	Bandera
🇻🇳	Bandera: Vietnam	Bandera
🇻🇺	Bandera: Vanuatu	Bandera
🇼🇫	Bandera: Wallis y Futuna	Bandera
🇼🇸	Bandera: Samoa	Bandera
🇽🇰	Bandera: Kosovo	Bandera
🇾🇪	Bandera: Yemen	Bandera
🇾🇹	Bandera: Mayotte	Bandera
🇿🇦	Bandera: Sudáfrica	Bandera
🇿🇲	Bandera: Zambia	Bandera
🇿🇼	Bandera: Zimbabue	Bandera
🈁	ideograma japonés para "aquí"	japonés	katakana	“aquí”
🈂	ideograma japonés para "de cortesía"	cortesía	japonés	katakana
🈚	ideograma japonés para "gratis"	gratis	ideograma	japonés	kanji
🈯	ideograma japonés para "reservado"	ideograma	japonés	kanji	reservado
🈲	ideograma japonés para "prohibido"	ideograma	japonés	kanji	prohibido
🈳	ideograma japonés para "vacante"	ideograma	japonés	kanji	vacante
🈴	ideograma japonés para "aprobado"	aprobado	ideograma	japonés	kanji
🈵	ideograma japonés para "completo"	completo	ideograma	japonés	kanji	lleno
🈶	ideograma japonés para "de pago"	ideograma	japonés	kanji	“de pago”
🈷	ideograma japonés para "cantidad mensual"	ideograma	japonés	kanji	“cantidad mensual”
🈸	ideograma japonés para "aplicación"	aplicación	ideograma	japonés	kanji
🈹	ideograma japonés para "descuento"	descuento	ideograma	japonés	kanji
🈺	ideograma japonés para "abierto"	abierto	ideograma	japonés	kanji
🉐	ideograma japonés para "ganga"	ganga	ideograma	japonés	kanji
🉑	ideograma japonés para "aceptable"	aceptable	ideograma	japonés	kanji
🌀	ciclón	mareo	tifón	tornado
🌁	bruma	niebla
🌂	paraguas cerrado	accesorios	lluvia	paraguas
🌃	noche estrellada	estrellas	noche
🌄	amanecer sobre montañas	amanecer	montaña	salida	sol
🌅	amanecer	salida del sol
🌆	ciudad al atardecer	atardecer	ciudad	edificios	paisaje
🌇	puesta del sol	edificios
🌈	arcoíris	colores	lluvia
🌉	puente de noche	noche	puente
🌊	ola de mar	mar	océano	ola
🌋	volcán	erupción	erupción volcánica
🌌	Vía Láctea	espacio	galaxia	láctea	vía
🌍	globo terráqueo mostrando Europa y África	Europa	Tierra	mundo	planeta	África
🌎	globo terráqueo mostrando América	América	Tierra	globo	mundo	planeta
🌏	globo terráqueo mostrando Asia y Australia	Asia	Australia	Tierra	mundo	planeta
🌐	globo terráqueo con meridianos	Tierra	globo	meridianos	mundo
🌑	luna nueva	luna	oscuridad
🌒	luna creciente	creciente	cuarto	espacio	luna
🌓	luna en cuarto creciente	creciente	cuarto	espacio	luna
🌔	luna gibosa creciente	creciente	gibosa	luna
🌕	luna llena	llena	luna	plenilunio
🌖	luna gibosa menguante	gibosa	luna	menguante
🌗	luna en cuarto menguante	cuarto	luna	menguante
🌘	luna menguante	luna	menguante
🌙	luna	creciente	espacio
🌚	luna nueva con cara	cara	espacio	luna
🌛	luna de cuarto creciente con cara	cara	creciente	cuarto	espacio	luna
🌜	luna de cuarto menguante con cara	cara	creciente	cuarto	espacio	luna
🌝	luna llena con cara	cara	llena	luna
🌞	sol con cara	brillante	cara	sol
🌟	estrella brillante	brillante	estrella	resplandeciente
🌠	estrella fugaz	estrella	lluvia
🌡	termómetro	temperatura
🌤	sol detrás de una nube pequeña	nube	sol
🌥	sol detrás de una nube grande	nube	sol
🌦	sol detrás de una nube con lluvia	lluvia	nube	sol
🌧	nube con lluvia	lluvia	nube
🌨	nube con nieve	frío	nieve	nube
🌩	nube con rayo	nube	rayo
🌪	tornado	nube	torbellino
🌫	niebla	nube
🌬	cara de viento	cara	nube	soplar	viento
🌭	perrito caliente	perrito	salchicha
🌮	taco	comida	mexicano
🌯	burrito	comida	mexicano	tex mex	wrap
🌰	castaña	castaño	fruto seco
🌱	planta joven	plantón
🌲	árbol de hoja perenne	hoja perenne	perenne	árbol
🌳	árbol de hoja caduca	caducifolio	hoja caduca	árbol
🌴	palmera	árbol	árbol de palma
🌵	cactus	planta
🌶	chile picante	chile	picante	planta
🌷	tulipán	flor
🌸	flor de cerezo	cerezo	flor
🌹	rosa	flor
🌺	flor de hibisco	flor	hibisco
🌻	girasol	flor	sol
🌼	flor
🌽	espiga de maíz	espiga	mazorca	maíz	mijo
🌾	espiga de arroz	arroz	espiga	planta
🌿	hierba	hoja	verde
🍀	trébol de cuatro hojas	suerte	trébol
🍁	hoja de arce	arce	hoja
🍂	hojas caídas	caída	hojas
🍃	hojas revoloteando al viento	hoja	revolotear	soplar	viento
🍄	champiñón	hongo	seta
🍄‍🟫	champiñón marrón	comida	hongo	naturaleza	seta	vegetal
🍅	tomate	ensalada	fruta	verdura
🍆	berenjena	fruto	verdura
🍇	uvas	agracejo	fruta	racimo	uva
🍈	melón	fruta
🍉	sandía	fruta
🍊	mandarina	fruta	naranja
🍋	limón	citrón	cítrico	fruta
🍋‍🟩	lima	cítrico	fruta	tropical
🍌	plátano	banana	fruta
🍍	piña	ananás	fruta
🍎	manzana roja	fruta	manzana	poma	roja
🍏	manzana verde	fruta	manzana	poma	verde
🍐	pera	fruta	perilla
🍑	melocotón	durazno	fruta
🍒	cerezas	cereza	fruta	guindas
🍓	fresa	fresón	fruta
🍔	hamburguesa	burger
🍕	pizza	porción	restaurante
🍖	carne con hueso	carne	hueso	restaurante
🍗	muslo de pollo	muslo	pollo	restaurante
🍘	galleta de arroz	arroz	galleta
🍙	bola de arroz	arroz	japonés	onigiri	restaurante
🍚	arroz cocido	arroz	restaurante
🍛	arroz con curry	arroz	curry	restaurante
🍜	tazón de fideos	fideos calientes	fideos chinos	fideos ramen	ramen
🍝	espagueti	pasta	restaurante
🍞	pan de molde	pan	rebanada	tostada
🍟	patatas fritas	papas fritas	patatas	restaurante
🍠	patata asada	asada	papa asada	patata	restaurante
🍡	dango	japonés	pincho	postre	restaurante
🍢	brocheta	japonés	marisco	oden	pincho
🍣	sushi	restaurante
🍤	gamba frita	frito	gamba	restaurante
🍥	pastel de pescado japonés	comida japonesa	pastel	pescado
🍦	cucurucho de helado	cucurucho	dulce	helado	helado de cucurucho	restaurante
🍧	granizado hawaiano	helado	hielo	postre	raspado
🍨	helado	postre	sorbete
🍩	dónut	berlina	pastel	rosquilla
🍪	galleta	dulce	pasta	postre
🍫	tableta de chocolate	barra	chocolate	restaurante	tableta
🍬	caramelo	chuche	chuchería	dulce	golosina
🍭	piruleta	chuche	chuchería	dulce	golosina
🍮	flan	dulce	postre	pudding
🍯	tarro de miel	dulce	miel	tarro
🍰	trozo de tarta	pedazo de tarta	restaurante	tarta
🍱	caja de bento	bento	caja	comida	restaurante
🍲	olla de comida	comida de olla	puchero	restaurante
🍳	cocinar	freír	huevo	sartén
🍴	tenedor y cuchillo	cuchillo	restaurante	tenedor
🍵	tazón de té	bebida	taza	té
🍶	sake	bar	bebida	botella	restaurante	tazón
🍷	copa de vino	bar	bebida	copa	vaso	vino
🍸	copa de cóctel	bar	copa	cóctel	restaurante
🍹	bebida tropical	bar	bebida	restaurante	tropical
🍺	jarra de cerveza	bar	cerveza	jarra	restaurante
🍻	jarras de cerveza brindando	bar	cerveza	jarra	jarras	restaurante
🍼	biberón	bebé	bibe	bibi	botella	leche
🍽	cuchillo y tenedor con un plato	cuchillo	plato	restaurante	tenedor
🍾	botella descorchada	bar	beber	botella	cava	corcho
🍿	palomitas	maíz
🎀	lazo	celebración
🎁	regalo	celebración	envoltorio	presente	regalo envuelto
🎂	tarta de cumpleaños	celebración	cumpleaños	tarta
🎃	calabaza de Halloween	Halloween	calabaza	celebración	linterna
🎄	árbol de Navidad	Navidad	abeto de Navidad	celebración	árbol
🎅	Papá Noel	Navidad	celebración	claus	cuento	fantasía	feliz	fiestas	padre	santa
🎆	fuegos artificiales	celebración
🎇	bengala	celebración	fuegos artificiales
🎈	globo	celebración
🎉	cañón de confeti	celebración	confeti	fiesta
🎊	bola de confeti	celebración	confeti
🎋	árbol de tanabata	celebración	festividad	tanabata	árbol
🎌	banderas cruzadas	banderas	celebración	japón
🎍	decoración de pino	año nuevo japonés	bambú	celebración	decoración	kadomatsu
🎎	muñecas japonesas	celebración	festival	hinamatsuri	muñecas
🎏	banderín de carpas	banderín	carpa	celebración	koinobori
🎐	campanilla de viento	campanilla	furin	viento
🎑	ceremonia de contemplación de la luna	celebración	contemplación	luna	tsukimi
🎒	mochila escolar	colegio	mochila
🎓	birrete	celebración	gorro	graduación
🎖	medalla militar	celebración	medalla	militar
🎗	lazo conmemorativo	conmemorativo	lazo
🎙	micrófono de estudio	estudio	micrófono	música
🎚	control de volumen	control	fader	volumen
🎛	ruedas de control	control	diales	música	potenciómetros	ruedas
🎞	fotograma de película	cine	fotograma	película
🎟	entradas	acceso	admisión	entrada	evento
🎠	caballo de tiovivo	caballo	entretenimiento	tiovivo
🎡	noria de feria	atracciones	entretenimiento	feria	noria
🎢	montaña rusa	atracciones	entretenimiento	feria	parque
🎣	caña de pescar	caña	entretenimiento	esparcimiento	pesca	pez
🎤	micrófono	entretenimiento	karaoke	micro
🎥	cámara de cine	cine	cámara	entretenimiento	película
🎦	cine	entretenimiento	película
🎧	auricular	cascos
🎨	paleta de pintor	arte	artista	paleta	pintura
🎩	sombrero de copa	chistera	copa	ropa	sombrero
🎪	carpa de circo	carpa	circo	entretenimiento
🎫	tique	acceso	admisión
🎬	claqueta	cine	claqueta de cine	entretenimiento	película
🎭	máscaras de teatro	actuación	arte	artes escénicas	entretenimiento
🎮	mando de videoconsola	juego	mando	videojuego
🎯	diana	blanco	en el blanco	juego
🎰	máquina tragaperras	juego	máquina
🎱	bola negra de billar	8	billar	bola ocho	juego
🎲	dado	juego
🎳	bolos	bola	bola de bolos	juego
🎴	cartas de flores	carta	flor	hanafuda	naipe japonés
🎵	nota musical	música	nota
🎶	notas musicales	música	notas
🎷	saxofón	instrumento	instrumento musical	música	saxo
🎸	guitarra	instrumento	instrumento musical	música
🎹	teclado musical	instrumento	instrumento musical	música	piano	teclado
🎺	trompeta	instrumento	instrumento musical	música
🎻	violín	instrumento	instrumento musical	música
🎼	pentagrama	música	partitura
🎽	camiseta sin mangas	banda	camiseta con banda	camiseta de correr	deporte
🎾	pelota de tenis	deporte	pelota	tenis
🎿	esquís	esquí	esquíes	nieve
🏀	balón de baloncesto	balón	canasta	deporte
🏁	bandera de cuadros	bandera	carreras	cuadros	deporte	motor
🏂	practicante de snowboard	nieve	snowboard
🏃	persona corriendo	carrera	deporte	maratón
🏃‍♀	mujer corriendo	carrera	correr	maratón	mujer
🏃‍♀‍➡	mujer corriendo: hacia la derecha	carrera	correr	derecha	hacia	la	maratón	mujer	mujer corriendo
🏃‍♂	hombre corriendo	carrera	correr	hombre	maratón
🏃‍♂‍➡	hombre corriendo: hacia la derecha	carrera	correr	derecha	hacia	hombre	hombre corriendo	la	maratón
🏃‍➡	persona corriendo: hacia la derecha	carrera	deporte	derecha	hacia	la	maratón	persona corriendo
🏄	persona haciendo surf	surf	surfear
🏄‍♀	mujer haciendo surf	mujer	surf	surfera	surfista
🏄‍♂	hombre haciendo surf	hombre	surf	surfero	surfista
🏅	medalla deportiva	medalla	premio
🏆	trofeo	premio
🏇	carrera de caballos	caballo	caballo de carreras	carreras	jinete
🏈	balón de fútbol americano	balón	deporte	fútbol americano
🏉	balón de rugby	balón	deporte	rugby
🏊	persona nadando	nadar	natación
🏊‍♀	mujer nadando	mujer	nadar
🏊‍♂	hombre nadando	hombre	nadar
🏋	persona levantando pesas	halterofilia	levantador	pesas	peso
🏋‍♀	mujer levantando pesas	halterofilia	levantadora de pesas	mujer	pesas
🏋‍♂	hombre levantando pesas	halterofilia	hombre	levantador de pesas	pesas
🏌	persona jugando al golf	golf	golfista	pelota
🏌‍♀	mujer jugando al golf	golf	jugadora	mujer
🏌‍♂	hombre jugando al golf	golf	hombre	jugador
🏍	moto	carreras	motocicleta	vehículo
🏎	coche de carreras	carreras	coche
🏏	críquet	juego	pelota
🏐	pelota de voleibol	balón	juego	pelota	voleibol
🏑	hockey sobre hierba	hierba	hockey	juego	palo	pelota
🏒	hockey sobre hielo	disco	hielo	hockey	palo
🏓	tenis de mesa	juego	mesa	pelota	ping pong
🏔	montaña con nieve	frío	montaña	nieve
🏕	camping	acampada	campamento	vacaciones
🏖	playa y sombrilla	playa	sombrilla
🏗	construcción	edificio	obra
🏘	casas	edificio	urbanización
🏙	paisaje urbano	ciudad	edificio	paisaje
🏚	casa abandonada	abandonada	casa	deshabitada	inhabitada	vacía
🏛	edificio clásico	clásico	edificio
🏜	desierto	arena
🏝	isla desierta	desierta	isla
🏞	parque nacional	nacional	parque
🏟	estadio
🏠	casa	vivienda
🏡	casa con jardín	casa	construcción	jardín	vivienda
🏢	edificio de oficinas	construcción	edificio	oficinas
🏣	oficina de correos japonesa	correos	edificio	japón	oficina de correos
🏤	oficina de correos europea	correos	edificio	europa	oficina de correos
🏥	hospital	doctor	edificio	medicina	médico
🏦	banco	banca	edificio
🏧	señal de cajero automático	atm	banco	cajero
🏨	hotel	alojamiento	edificio	turismo
🏩	hotel del amor	amor	edificio	hotel
🏪	tienda 24 horas	edificio	establecimiento	tienda de comestibles
🏫	colegio	edificio	escuela
🏬	grandes almacenes	comercio
🏭	fábrica	edificio	industria
🏮	lámpara japonesa	izakaya	linterna izakaya	linterna japonesa	lámpara roja	restaurante
🏯	castillo japonés	castillo	construcción
🏰	castillo europeo	castillo	construcción
🏳	bandera blanca	bandera	blanca	ondear
🏳‍⚧	bandera transgénero	LGTB	azul	bandera	blanco	rosa	transgénero
🏳‍🌈	bandera del arcoíris	arcoíris	bandera
🏴	bandera negra	bandera	negra	ondear
🏴‍☠	bandera pirata	Jolly Roger	botín	pirata	tesoro
🏴󠁧󠁢󠁥󠁮󠁧󠁿	Bandera: Inglaterra	Bandera
🏴󠁧󠁢󠁳󠁣󠁴󠁿	Bandera: Escocia	Bandera
🏴󠁧󠁢󠁷󠁬󠁳󠁿	Bandera: Gales	Bandera
🏵	roseta	flor	planta
🏷	etiqueta
🏸	bádminton	pluma	raqueta	volante
🏹	arco y flecha	arco	arquero	flecha	sagitario	zodiaco
🏺	ánfora	acuario	beber	jarra	zodiaco
🐀	rata	roedor
🐁	ratón	roedor
🐂	buey	cabestro	tauro	zodiaco
🐃	búfalo de agua	agua	búfalo
🐄	vaca	bovino	res
🐅	tigre	felino
🐆	leopardo	felino
🐇	conejo	conejito	gazapo
🐈	gato	gatete	minino
🐈‍⬛	gato negro	gato	mala suerte	negro
🐉	dragón	cuento	fantasía
🐊	cocodrilo	caimán
🐋	ballena	cachalote	cetáceo
🐌	caracol	caracola	molusco
🐍	serpiente	culebra	reptil	víbora
🐎	caballo	caballo de carreras	carreras de caballos	ecuestre
🐏	carnero	aries	morueco	zodiaco
🐐	cabra	capricornio	caprino	chivo	zodiaco
🐑	oveja	borrego	cordero	ovino
🐒	mono	macaco	simio
🐓	gallo	ave	gallina	gallinácea	pollo
🐔	gallina	ave	gallinácea	pollo
🐕	perro	cachorro	perrete	perrito
🐕‍🦺	perro de servicio	accesibilidad	apoyo	asistencia	perro	servicio
🐖	cerdo	cochino	gorrino	puerco
🐗	jabalí	cerdo salvaje
🐘	elefante	paquidermo
🐙	pulpo	cefalópodo	octópodo
🐚	caracola	concha	espiral
🐛	bicho	gusano	insecto
🐜	hormiga	antenas	insecto
🐝	abeja	insecto	miel
🐞	mariquita	cochinilla	insecto
🐟	pez	pececillo	pescado	piscis	zodiaco
🐠	pez tropical	pez	tropical
🐡	pez globo	globo	pez
🐢	tortuga	galápago
🐣	pollito rompiendo el cascarón	ave	huevo	pollito	pollo
🐤	pollito	ave	pollo	polluelo
🐥	pollito de frente	ave	pollito	pollo
🐦	pájaro	ave	pajarillo
🐦‍⬛	pájaro negro	cuervo	grajo	mirlo	negro	pájaro
🐦‍🔥	fénix	ave de fuego	ave fénix	fantasía	reencarnación	renacer
🐧	pingüino	ave
🐨	koala	cara	marsupial
🐩	caniche	perrito	perro
🐪	dromedario	camello	desierto	joroba
🐫	camello	bactriano	desierto	dromedario	jorobas
🐬	delfín	cetáceo
🐭	cara de ratón	cara	ratón
🐮	cara de vaca	cara	vaca
🐯	cara de tigre	cara	tigre
🐰	cara de conejo	cara	conejo	mascota
🐱	cara de gato	cara	gato	mascota
🐲	cara de dragón	cara	cuento	dragón	fantasía
🐳	ballena soltando un chorro	ballena	chorro de agua
🐴	cara de caballo	caballo	cara
🐵	cara de mono	cara	mono
🐶	cara de perro	cara	mascota	perro
🐷	cara de cerdo	cara	cerdo	gorrino
🐸	rana	cara
🐹	hámster	cara	mascota
🐺	lobo	cara
🐻	oso	cara
🐻‍❄	oso polar	blanco	oso	polar	ártico
🐼	panda	cara	oso panda
🐽	nariz de cerdo	cara	cerdo	morro	nariz
🐾	huellas de pezuñas	huellas	pezuñas
🐿	ardilla
👀	ojos	cara
👁	ojo	cuerpo
👁‍🗨	ojo en bocadillo de texto	bocadillo de texto	ojo	testigo
👂	oreja	cuerpo
👃	nariz	cuerpo
👄	boca	labios
👅	lengua	cuerpo
👆	dorso de mano con índice hacia arriba	apuntar	arriba	dedo	mano
👇	dorso de mano con índice hacia abajo	abajo	apuntar	dedo	mano
👈	dorso de mano con índice a la izquierda	dedo	izquierda	mano	índice
👉	dorso de mano con índice a la derecha	dedo	derecha	mano	índice
👊	puño cerrado	puñetazo	puño
👋	mano saludando	agitar	mano	saludar	saludo
👌	señal de aprobación con la mano	aprobación	mano	ok
👍	pulgar hacia arriba	arriba	mano	pulgar	señal
👎	pulgar hacia abajo	abajo	mano	pulgar	señal
👏	manos aplaudiendo	aplaudir	manos	palmas	señal
👐	manos abiertas	abiertas	manos
👑	corona	accesorios	complementos	reina	rey
👒	sombrero de mujer	accesorio	mujer	ropa	sombrero
👓	gafas	accesorios	ojo	ropa
👔	corbata	accesorio	ropa
👕	camiseta	ropa
👖	vaqueros	pantalones	ropa
👗	vestido	mujer	ropa
👘	kimono	japonés	ropa
👙	bikini	baño	playa	ropa
👚	ropa de mujer	blusa	camisa	femenina	ropa
👛	monedero	accesorios	cartera	complementos
👜	bolso	accesorios	complementos
👝	bolso de mano	accesorios	bolso	cartera	complementos
👞	zapato de hombre	calzado	hombre	ropa	zapato
👟	zapatilla deportiva	calzado	correr	ropa	tenis
👠	zapato de tacón	mujer	tacón	zapato
👡	sandalia de mujer	calzado	mujer	ropa	sandalia
👢	bota de mujer	bota	calzado	mujer	ropa
👣	huellas de pies	huellas	pies
👤	silueta de busto	busto	silueta
👥	dos siluetas de bustos	bustos	siluetas
👦	niño	joven
👧	niña	chica	joven
👨	hombre	adulto
👨‍⚕	profesional sanitario hombre	doctor	enfermero	médico	sanitario	terapeuta hombre
👨‍⚖	fiscal hombre	hombre	juez	justicia	magistrado
👨‍✈	piloto hombre	avión	capitán	hombre	piloto	vuelo
👨‍❤‍👨	pareja enamorada: hombre y hombre	amor	hombre	pareja	pareja enamorada	personas enamoradas
👨‍❤‍💋‍👨	beso: hombre y hombre	beso	hombre	personas	romance
👨‍🌾	profesional de la agricultura hombre	agricultor	campo	granjero	hombre	labrador
👨‍🍳	chef hombre	chef	cocinero	hombre	pinche
👨‍🍼	hombre alimentando a bebé	alimentar	amamantar	bebé	hombre	lactancia
👨‍🎓	estudiante hombre	estudiante	graduado	hombre	licenciado	universitario
👨‍🎤	cantante hombre	artista	estrella	hombre	rock
👨‍🎨	artista hombre	hombre	paleta	pintor	pinturas
👨‍🏫	docente hombre	educador	hombre	instructor	maestro	profesor
👨‍🏭	profesional industrial hombre	fábrica	montaje	obrero	operario	trabajador
👨‍👦	familia: hombre y niño	familia	hombre	niño
👨‍👦‍👦	familia: hombre, niño, niño	familia	hombre	niño
👨‍👧	familia: hombre y niña	familia	hombre	niña
👨‍👧‍👦	familia: hombre, niña, niño	familia	hombre	niña	niño
👨‍👧‍👧	familia: hombre, niña, niña	familia	hombre	niña
👨‍👨‍👦	familia: hombre, hombre, niño	familia	hombre	niño
👨‍👨‍👦‍👦	familia: hombre, hombre, niño, niño	familia	hombre	niño
👨‍👨‍👧	familia: hombre, hombre, niña	familia	hombre	niña
👨‍👨‍👧‍👦	familia: hombre, hombre, niña, niño	familia	hombre	niña	niño
👨‍👨‍👧‍👧	familia: hombre, hombre, niña, niña	familia	hombre	niña
👨‍👩‍👦	familia: hombre, mujer, niño	familia	hombre	mujer	niño
👨‍👩‍👦‍👦	familia: hombre, mujer, niño, niño	familia	hombre	mujer	niño
👨‍👩‍👧	familia: hombre, mujer, niña	familia	hombre	mujer	niña
👨‍👩‍👧‍👦	familia: hombre, mujer, niña, niño	familia	hombre	mujer	niña	niño
👨‍👩‍👧‍👧	familia: hombre, mujer, niña, niña	familia	hombre	mujer	niña
👨‍💻	profesional de la tecnología hombre	desarrollador	hombre	informático	programador	tecnólogo
👨‍💼	oficinista hombre	director	ejecutivo	empresa	hombre	oficina	oficinista
👨‍🔧	profesional de la mecánica hombre	electricista	fontanero	hombre	mecánico	operario
👨‍🔬	profesional de la ciencia hombre	biólogo	científico	físico	hombre	químico
👨‍🚀	astronauta hombre	astronauta	cohete	espacio	hombre
👨‍🚒	bombero hombre	apagafuegos	bombero	camión	manguera
👨‍🦯	hombre con bastón	accesibilidad	bastón	ciego	hombre	invidente
👨‍🦯‍➡	hombre con bastón: hacia la derecha	accesibilidad	bastón	ciego	derecha	hacia	hombre	hombre con bastón	invidente	la
👨‍🦰	hombre: pelo pelirrojo	adulto	hombre	pelo pelirrojo
👨‍🦱	hombre: pelo rizado	adulto	hombre	pelo rizado
👨‍🦲	hombre: sin pelo	adulto	hombre	sin pelo
👨‍🦳	hombre: pelo blanco	adulto	hombre	pelo blanco
👨‍🦼	hombre en silla de ruedas eléctrica	accesibilidad	hombre	silla de ruedas
👨‍🦼‍➡	hombre en silla de ruedas eléctrica: hacia la derecha	accesibilidad	derecha	hacia	hombre	hombre en silla de ruedas eléctrica	la	silla de ruedas
👨‍🦽	hombre en silla de ruedas manual	accesibilidad	hombre	silla de ruedas
👨‍🦽‍➡	hombre en silla de ruedas manual: hacia la derecha	accesibilidad	derecha	hacia	hombre	hombre en silla de ruedas manual	la	silla de ruedas
👩	mujer	adulta
👩‍⚕	profesional sanitario mujer	doctora	enfermera	médica	sanitaria	terapeuta mujer
👩‍⚖	fiscal mujer	jueza	justicia	magistrada	mujer
👩‍✈	piloto mujer	avión	capitana	mujer	piloto	vuelo
👩‍❤‍👨	pareja enamorada: mujer y hombre	amor	hombre	mujer	pareja	pareja enamorada	personas enamoradas
👩‍❤‍👩	pareja enamorada: mujer y mujer	amor	mujer	pareja	pareja enamorada	personas enamoradas
👩‍❤‍💋‍👨	beso: mujer y hombre	beso	hombre	mujer	personas	romance
👩‍❤‍💋‍👩	beso: mujer y mujer	beso	mujer	personas	romance
👩‍🌾	profesional de la agricultura mujer	agricultora	campo	granjera	labradora	mujer
👩‍🍳	chef mujer	chef	cocinera	mujer	pinche
👩‍🍼	mujer alimentando a bebé	alimentar	amamantar	bebé	lactancia	mujer
👩‍🎓	estudiante mujer	estudiante	graduada	licenciada	mujer	universitaria
👩‍🎤	cantante mujer	artista	estrella	mujer	rock
👩‍🎨	artista mujer	mujer	paleta	pintora	pinturas
👩‍🏫	docente mujer	educadora	instructora	maestra	mujer	profesora
👩‍🏭	profesional industrial mujer	fábrica	montaje	obrera	operaria	trabajadora
👩‍👦	familia: mujer y niño	familia	mujer	niño
👩‍👦‍👦	familia: mujer, niño, niño	familia	mujer	niño
👩‍👧	familia: mujer y niña	familia	mujer	niña
👩‍👧‍👦	familia: mujer, niña, niño	familia	mujer	niña	niño
👩‍👧‍👧	familia: mujer, niña, niña	familia	mujer	niña
👩‍👩‍👦	familia: mujer, mujer, niño	familia	mujer	niño
👩‍👩‍👦‍👦	familia: mujer, mujer, niño, niño	familia	mujer	niño
👩‍👩‍👧	familia: mujer, mujer, niña	familia	mujer	niña
👩‍👩‍👧‍👦	familia: mujer, mujer, niña, niño	familia	mujer	niña	niño
👩‍👩‍👧‍👧	familia: mujer, mujer, niña, niña	familia	mujer	niña
👩‍💻	profesional de la tecnología mujer	desarrolladora	informática	mujer	programadora	tecnóloga
👩‍💼	oficinista mujer	directora	ejecutiva	empresa	mujer	oficina	oficinista
👩‍🔧	profesional de la mecánica mujer	electricista	fontanera	mecánica	mujer	operaria
👩‍🔬	profesional de la ciencia mujer	bióloga	científica	física	mujer	química
👩‍🚀	astronauta mujer	astronauta	cohete	espacio	mujer
👩‍🚒	bombera	apagafuegos	bombera mujera	camión	manguera
👩‍🦯	mujer con bastón	accesibilidad	bastón	ciega	invidente	mujer
👩‍🦯‍➡	mujer con bastón: hacia la derecha	accesibilidad	bastón	ciega	derecha	hacia	invidente	la	mujer	mujer con bastón
👩‍🦰	mujer: pelo pelirrojo	adulta	mujer	pelo pelirrojo
👩‍🦱	mujer: pelo rizado	adulta	mujer	pelo rizado
👩‍🦲	mujer: sin pelo	adulta	mujer	sin pelo
👩‍🦳	mujer: pelo blanco	adulta	mujer	pelo blanco
👩‍🦼	mujer en silla de ruedas eléctrica	accesibilidad	mujer	silla de ruedas
👩‍🦼‍➡	mujer en silla de ruedas eléctrica: hacia la derecha	accesibilidad	derecha	hacia	la	mujer	mujer en silla de ruedas eléctrica	silla de ruedas
👩‍🦽	mujer en silla de ruedas manual	accesibilidad	mujer	silla de ruedas
👩‍🦽‍➡	mujer en silla de ruedas manual: hacia la derecha	accesibilidad	derecha	hacia	la	mujer	mujer en silla de ruedas manual	silla de ruedas
👪	familia
👫	mujer y hombre de la mano	hombre	hombre y mujer de la mano	mujer	novios	pareja
👬	hombres de la mano	gays	hombres	novios	pareja
👭	mujeres de la mano	lesbianas	mujeres	novias	pareja
👮	agente de policía	agente	personas	policía
👮‍♀	agente de policía mujer	agente	mujer	poli	policía
👮‍♂	agente de policía hombre	agente	hombre	poli	policía
👯	personas con orejas de conejo	bailar	fiesta	orejas de conejo	personas
👯‍♀	mujeres con orejas de conejo	bailar	fiesta	mujer	orejas de conejo
👯‍♂	hombres con orejas de conejo	bailar	fiesta	hombre	orejas de conejo
👰	persona con velo	boda	novia	persona	velo
👰‍♀	mujer con velo	boda	mujer	novia	velo
👰‍♂	hombre con velo	boda	hombre	novio	velo
👱	persona adulta rubia	rubia	rubias	rubio	rubios
👱‍♀	mujer rubia	mujer	rubia	rubiales
👱‍♂	hombre rubio	hombre	rubiales	rubio
👲	persona con gorro chino	gorro	gua	gua pi mao	mao	persona
👳	persona con turbante	turbante
👳‍♀	mujer con turbante	mujer	turbante
👳‍♂	hombre con turbante	hombre	turbante
👴	anciano	hombre	mayor
👵	anciana	mayor	mujer
👶	bebé	joven	niño
👷	profesional de la construcción	casco	construcción	obrero	trabajador
👷‍♀	profesional de la construcción mujer	albañila	construcción	mujer	obrera	trabajadora
👷‍♂	profesional de la construcción hombre	albañil	construcción	hombre	obrero	trabajador
👸	princesa	cuento	fantasía	hadas
👹	demonio japonés oni	cara	cuento	cuernos	sonrisa
👺	demonio japonés tengu	cara	cuento	fantasía	monstruo	tengu
👻	fantasma	cara	criatura	cuento	monstruo
👼	bebé ángel	bebé	cara	cuento	ángel
👽	alienígena	alien	cara	criatura	extraterrestre	ovni
👾	monstruo alienígena	alien	cara	criatura	extraterrestre	ovni
👿	cara enfadada con cuernos	cara	cuernos	demonio	diablo
💀	calavera	cara	cuento	monstruo	muerte
💁	persona de mostrador de información	información	mano	mostrador	persona
💁‍♀	empleada de mostrador de información	información	mano	mostrador	mujer
💁‍♂	empleado de mostrador de información	hombre	información	mano	mostrador
💂	guardia	guardia real británica
💂‍♀	guardia mujer	guardia	mujer	vigilante
💂‍♂	guardia hombre	guardia	hombre	vigilante
💃	mujer bailando	bailar	mujer
💄	pintalabios	barra	cosmética	labios	maquillaje
💅	pintarse las uñas	cosmética	esmalte	manicura	uñas
💆	persona recibiendo masaje	cara	facial	masaje	salón
💆‍♀	mujer recibiendo masaje	cara	facial	masaje	salón
💆‍♂	hombre recibiendo masaje	cara	facial	masaje	salón
💇	persona cortándose el pelo	belleza	corte	pelo	peluquero
💇‍♀	mujer cortándose el pelo	belleza	corte	pelo	peluquero
💇‍♂	hombre cortándose el pelo	belleza	corte	pelo	peluquero
💈	poste de barbero	barbero	barbería	peluquero	poste
💉	jeringuilla	aguja	jeringa	medicina	médico
💊	píldora	comprimido	medicina	médico	pastilla
💋	marca de beso	beso	labios	romance
💌	carta de amor	amor	carta	corazón	correo
💍	anillo	diamante
💎	piedra preciosa	diamante	gema	joya	piedra	preciosa
💏	beso	personas	romance
💐	ramo de flores	bouquet	flores	ramo
💑	pareja enamorada	amor	pareja	personas enamoradas
💒	iglesia celebrando boda	boda	iglesia	romance
💓	corazón latiendo	amor	corazón	emoción	latido
💔	corazón roto	corazón	emoción	partido	roto
💕	dos corazones	amantes	amor	corazón
💖	corazón brillante	amor	brillante	emoción
💗	corazón creciente	corazón	creciente	emocionado	latido	nervioso
💘	corazón con flecha	amor	corazón	emoción	flecha
💙	corazón azul	azul	corazón	emoción
💚	corazón verde	corazón	emoción	verde
💛	corazón amarillo	amarillo	corazón	emoción
💜	corazón morado	corazón	emoción	morado
💝	corazón con lazo	corazón	emoción	lazo	san valentín
💞	corazones giratorios	corazón	giratorio
💟	adorno de corazón	corazón
💠	rombo con pétalo	flor	geometría	rombo
💡	bombilla	cómic	electricidad	idea	luz
💢	símbolo de enfado	cómic	enfadado	enfado
💣	bomba	cómic	emoción
💤	símbolo de sueño	cómic	dormir	sueño	zzz
💥	colisión	cómic
💦	gotas de sudor	cómic	emoción	sudor
💧	gota	agua	cómic	sudor
💨	salir corriendo	carrera	correr	cómic	humo
💩	caca con ojos	caca	cómic	mierda	mojón
💪	bíceps flexionado	bíceps	cómic	flexionado	fuerte	músculo
💫	símbolo de mareo	cómic	emoción	estrella	mareo
💬	bocadillo de diálogo	bocadillo	conversación	cómic	diálogo
💭	bocadillo de pensamiento	bocadillo	burbuja	cómic	pensamiento
💮	flor blanca	blanca	flor
💯	cien puntos	100	pleno	puntos
💰	bolsa de dinero	bolsa	bolsa de dólares	dinero
💱	cambio de divisas	cambio	dinero	divisa	moneda
💲	símbolo de dólar	dinero	dólar	símbolo
💳	tarjeta de crédito	crédito	tarjeta
💴	billete de yen	billete	billete de banco	dinero	yen
💵	billete de dólar	billete	billete de banco	dinero	dólar
💶	billete de euro	billete	billete de banco	dinero	euro
💷	billete de libra	billete de banco	dinero	libra
💸	billete con alas	billete	billete de banco	dinero	dinero con alas
💹	mercado al alza	alza	mercado	mercado alcista	tabla
💺	asiento de transporte	asiento	plaza	silla
💻	ordenador portátil	ordenador	pc	personal
💼	maletín	cartera	documentos
💽	minidisc	disco	md
💾	disquete	disco	disco de 3 1/2
💿	disco óptico	cd	disco
📀	disco DVD	disco	dvd
📁	carpeta de archivos	archivo	carpeta
📂	carpeta de archivos abierta	abierta	archivo	carpeta
📃	página doblada	documento	página
📄	página hacia arriba	anverso	documento	página
📅	calendario	fecha
📆	calendario recortable	calendario	fecha
📇	organizador de fichas	cartera	ficha	organizador	tarjetas
📈	gráfica de evolución ascendente	ascendente	gráfica	gráfico	tendencia ascendente
📉	gráfica de evolución descendente	descendente	gráfica	gráfico	tendencia descendente
📊	gráfico de barras	barras	gráfico
📋	portapapeles	papeles	pinza	tabla
📌	chincheta	tachuela
📍	chincheta redonda	chincheta
📎	clip
📏	regla
📐	escuadra	regla	regla triangular	triángulo
📑	marcadores	pestañas
📒	libro de contabilidad	cuaderno
📓	cuaderno	libreta
📔	cuaderno con tapa decorativa	cuaderno	decoración	tapa
📕	libro cerrado	cerrado	libro
📖	libro abierto	abierto	libro
📗	libro verde	libro	verde
📘	libro azul	azul	libro
📙	libro naranja	libro	naranja
📚	libros	libro
📛	etiqueta identificativa	etiqueta	nombre
📜	pergamino	pergamino de papel
📝	cuaderno de notas	comunicación
📞	auricular de teléfono	comunicación	teléfono
📟	busca	comunicación	localizador
📠	máquina de fax	comunicación	fax
📡	antena de satélite	antena	comunicación	satélite
📢	altavoz de mano	altavoz	comunicación
📣	megáfono	comunicación
📤	bandeja de salida	bandeja	comunicación	correo	enviado	salida
📥	bandeja de entrada	bandeja	comunicación	correo	entrada	recibido
📦	paquete	caja
📧	correo electrónico	comunicación	correo	sobre
📨	sobre entrante	carta	comunicación	correo	correo electrónico	sobre
📩	sobre con flecha	carta	comunicación	correo	correo electrónico	sobre
📪	buzón cerrado con la bandera bajada	bandera	buzón	buzón cerrado	vacío
📫	buzón cerrado con la bandera levantada	bandera	buzón	buzón cerrado	con contenido
📬	buzón abierto con la bandera levantada	bandera	buzón	buzón abierto	con contenido
📭	buzón abierto con la bandera bajada	bandera	buzón	buzón abierto	vacío
📮	buzón	cartas	correo
📯	corneta de posta	corneta	posta
📰	periódico	diario
📱	teléfono móvil	celular	móvil	teléfono
📲	móvil con una flecha	flecha	llamada	móvil	recibir	teléfono
📳	modo vibración	móvil	teléfono	teléfono celular	vibración
📴	teléfono móvil apagado	apagado	móvil	teléfono	teléfono celular
📵	prohibido el uso de móviles	móvil	no hacer llamadas	prohibido	teléfono
📶	barras de cobertura	antena	celular	móvil	señal	teléfono
📷	cámara de fotos	cámara
📸	cámara con flash	cámara	flash
📹	videocámara	cámara	vídeo
📺	televisión	tv
📻	radio
📼	cinta de vídeo	cinta
📽	proyector de cine	cine	película	proyector
📿	rosario	collar	cuentas	religión
🔀	reproducción aleatoria	cruzado	flechas	flechas entrecruzadas
🔁	repetir	flechas	repetición
🔂	repetir una vez	flechas	repetición	uno
🔃	flechas verticales en sentido horario	flechas	flechas verticales sentido horario	horario	señal de recarga
🔄	flechas en sentido antihorario	dirección	flechas	sentido antihorario	señal de recarga
🔅	brillo bajo	bajo	brillo	señal de brillo bajo	tenue
🔆	brillo alto	alto	brillante	brillo	señal de brillo alto
🔇	altavoz silenciado	altavoz	altavoz con marca de cancelación	mute	silencio
🔈	altavoz a volumen bajo	volumen bajo
🔉	altavoz a volumen medio	altavoz con volumen medio	medio	volumen medio
🔊	altavoz a volumen alto	altavoz	alto	volumen alto
🔋	pila	batería
🔌	enchufe eléctrico	corriente	electricidad	eléctrico	enchufe
🔍	lupa orientada hacia la izquierda	buscar	lupa
🔎	lupa orientada hacia la derecha	buscar	lupa
🔏	candado con pluma estilográfica	candado	cerrado	estilográfica	pluma	privacidad
🔐	candado cerrado y llave	candado	cerrado	llave	seguro
🔑	llave	contraseña
🔒	candado cerrado	candado	cerrado	cerrar
🔓	candado abierto	abierto	abrir	candado
🔔	campana
🔕	campana con signo de cancelación	campana	cancelación	ruido
🔖	marcapáginas	marcador
🔗	eslabón
🔘	botón de opción	botón	opción
🔙	flecha BACK	atrás	atrás con flecha izquierda	back	flecha	flecha a la izquierda
🔚	flecha END	final	final con flecha izquierda	flecha	flecha a la izquierda
🔛	flecha ON!	flecha	flecha de doble punta con la palabra "on" encima	on	señal
🔜	flecha SOON	flecha	soon	soon con flecha a la derecha
🔝	flecha TOP	arriba	flecha hacia arriba	top	top con flecha hacia arriba
🔞	prohibido para menos de 18 años	18	no apto para menores	prohibido	prohibido para menores de 18 años
🔟	Teclas: 10	Teclas
🔠	letras latinas mayúsculas	abcd	letras	mayúsculas
🔡	letras latinas minúsculas	abcd	letras	minúsculas
🔢	números	1234	dígitos
🔣	símbolos	〒♪&%
🔤	alfabeto latino	ABC	latino
🔥	fuego	llama
🔦	linterna	luz
🔧	llave inglesa	herramienta
🔨	martillo	herramienta
🔩	tornillo y tuerca	herramienta	tornillo	tuerca
🔪	cuchillo de cocina	arma	cocinar	cuchillo
🔫	pistola de agua	agua	juguete	pistola	verano
🔬	microscopio	instrumento	laboratorio
🔭	telescopio	astronomía	instrumento
🔮	bola de cristal	adivinación	bola	buena fortuna	cristal
🔯	estrella de seis puntas	adivinación	buena fortuna	estrella	seis puntas
🔰	símbolo japonés para principiante	amarillo	japonés	principiante	verde
🔱	emblema de tridente	ancla	emblema	tridente
🔲	botón cuadrado con borde negro	botón	cuadrado
🔳	botón cuadrado con borde blanco	botón	cuadrado
🔴	círculo rojo	círculo	geometría	rojo
🔵	círculo azul	azul	círculo	geometría
🔶	rombo naranja grande	geometría	naranja	rombo
🔷	rombo azul grande	azul	geometría	rombo
🔸	rombo naranja pequeño	geometría	naranja	rombo
🔹	rombo azul pequeño	azul	geometría	rombo
🔺	triángulo rojo hacia arriba	geometría	rojo	triángulo	triángulo hacia arriba rojo
🔻	triángulo rojo hacia abajo	geometría	rojo	triángulo	triángulo hacia abajo rojo
🔼	triángulo hacia arriba	arriba	botón	botón triángulo hacia arriba	triángulo
🔽	triángulo hacia abajo	abajo	botón	botón triángulo hacia abajo	triángulo
🕉	om	hindú	religión
🕊	paloma	ave	paz	pájaro
🕋	Kaaba	hach	islam	musulmán	religión	umrah
🕌	mezquita	islam	religión
🕍	sinagoga	judaísmo	religión
🕎	menorá	candelabro	religión
🕐	1 en punto	1:00	reloj	una
🕑	2 en punto	2:00	dos	reloj
🕒	3 en punto	3:00	reloj	tres
🕓	4 en punto	4:00	cuatro	reloj
🕔	5 en punto	5:00	cinco	reloj
🕕	6 en punto	6:00	reloj	seis
🕖	7 en punto	7:00	reloj	siete
🕗	8 en punto	8:00	ocho	reloj
🕘	9 en punto	9:00	nueve	reloj
🕙	10 en punto	10:00	diez	reloj
🕚	11 en punto	11:00	once	reloj
🕛	12 en punto	12:00	doce	reloj
🕜	una y media	1:30	reloj
🕝	dos y media	2:30	reloj
🕞	tres y media	3:30	reloj
🕟	cuatro y media	4:30	reloj
🕠	cinco y media	5:30	reloj
🕡	seis y media	6:30	reloj
🕢	siete y media	7:30	reloj
🕣	ocho y media	8:30	reloj
🕤	nueve y media	9:30	reloj
🕥	diez y media	10:30	reloj
🕦	once y media	11:30	reloj
🕧	doce y media	12:30	reloj
🕯	vela	luz
🕰	reloj de sobremesa	reloj	sobremesa
🕳	agujero	orificio
🕴	persona trajeada levitando	levitar	negocios	persona	traje
🕵	detective	cara	espía
🕵‍♀	detective mujer	agente	detective	espía	investigadora	mujer
🕵‍♂	detective hombre	agente	detective	espía	hombre	investigador
🕶	gafas de sol	gafas	ojo	oscuras	sol
🕷	araña	insecto
🕸	tela de araña	araña	tela	telaraña
🕹	joystick	juego	mando	palanca	videojuego
🕺	hombre bailando	bailar	hombre
🖇	clips unidos	clips	unidos	unión
🖊	bolígrafo	boli	escribir
🖋	estilográfica	bolígrafo	escribir	pluma	tinta
🖌	pincel	pintar
🖍	lápiz de cera	cera	lápiz
🖐	mano abierta	abierta	dedo	mano
🖕	dedo corazón hacia arriba	corazón	dedo	mano	peineta
🖖	saludo vulcano	mano	saludo	spock	vulcano
🖤	corazón negro	corazón	negro
🖥	ordenador de sobremesa	ordenador	sobremesa
🖨	impresora	ordenador
🖱	ratón de ordenador	ordenador	ratón
🖲	bola de desplazamiento	ordenador	trackball
🖼	cuadro enmarcado	marco	museo
🗂	separador de fichas	fichas	fichero	separador
🗃	archivador de tarjetas	archivador	archivo	caja
🗄	archivador	archivos	oficina	organizador
🗑	papelera	basura	cubo
🗒	bloc de notas de espiral	bloc	cuaderno	espiral	notas
🗓	calendario de espiral	calendario	espiral
🗜	tornillo de banco	herramienta	tornillo
🗝	llave antigua	antigua	llave
🗞	periódico enrollado	noticias	papel	periódico
🗡	puñal	arma	cuchillo	daga
🗣	cabeza parlante	cabeza	cara	hablar	silueta
🗨	bocadillo de diálogo por la izquierda	bocadillo	burbuja	conversación	diálogo
🗯	bocadillo de enfado por la derecha	bocadillo	cabreo	enfado	rabia
🗳	urna con papeleta	papeleta	urna	voto
🗺	mapa mundial	mapa	mapamundi	mundo
🗻	monte Fuji	Fuji	montaña	monte	naturaleza
🗼	Torre de Tokio	Tokio	torre
🗽	Estatua de la Libertad	estatua	libertad	nueva	ny	nyc	york
🗾	mapa de Japón	Japón	mapa
🗿	estatua moái	Pascua	estatua	moái
😀	cara sonriendo	cara	divertido	feliz	sonrisa
😁	cara radiante con ojos sonrientes	cara	ojo	risa	sonrisa
😂	cara llorando de risa	cara	felicidad	lágrima	risa
😃	cara sonriendo con ojos grandes	cara	divertido	risa	sonriendo
😄	cara sonriendo con ojos sonrientes	abierta	cara	ojo	sonrisa
😅	cara sonriendo con sudor frío	cara	frío	risa	sudor
😆	cara sonriendo con los ojos cerrados	abierta	boca	cara	risa
😇	cara sonriendo con aureola	cara	halo	sonrisa	ángel
😈	cara sonriendo con cuernos	cara	cuernos	demonio	sonrisa
😉	cara guiñando el ojo	cara	guiño
😊	cara feliz con ojos sonrientes	cara	ojo	rubor	sonrisa
😋	cara saboreando comida	cara	delicioso	hambre	rico
😌	cara de alivio	aliviado	cara
😍	cara sonriendo con ojos de corazón	amor	cara	corazón	sonrisa
😎	cara sonriendo con gafas de sol	cara	gafas	guay	sol
😏	cara sonriendo con superioridad	cara	listillo	superioridad
😐	cara neutral	cara	inexpresivo	neutral
😑	cara sin expresión	cara	inexpresiva	inexpresivo	inexpresión
😒	cara de desaprobación	cara	insatisfacción	rechazo
😓	cara con sudor frío	cara	frío	sudor
😔	cara desanimada	alicaído	cara	desanimado	pensativo
😕	cara de confusión	cara	confuso
😖	cara de frustración	cara	frustrado
😗	cara besando	beso	cara
😘	cara lanzando un beso	beso	cara
😙	cara besando con ojos sonrientes	beso	cara	ojo	sonrisa
😚	cara besando con los ojos cerrados	beso	cara	cerrado	ojo
😛	cara sacando la lengua	cara	lengua
😜	cara sacando la lengua y guiñando un ojo	cara	guiño	lengua	ojo
😝	cara con ojos cerrados y lengua fuera	cara	lengua	ojo	sabor
😞	cara decepcionada	cara	decepcionado	decepción
😟	cara preocupada	cara	preocupación	preocupado
😠	cara enfadada	cara	enfadado	histérico
😡	cara cabreada	cabreo	cara	enfadado	furia
😢	cara llorando	cara	llorar	lágrima	triste
😣	cara desesperada	cara	desesperación	frustración
😤	cara resoplando	cabreo	cara	enfado
😥	cara triste pero aliviada	aliviado	cara	decepcionado	menos mal
😦	cara con el ceño fruncido y la boca abierta	boca abierta	cara	ceño fruncido con boca abierta
😧	cara angustiada	angustia	angustiado	cara
😨	cara asustada	asustado	cara	miedo	miedoso
😩	cara agotada	agotado	cansado	cara
😪	cara de sueño	cara	dormir	sueño
😫	cara cansada	cansado	cara
😬	cara haciendo una mueca	cara	mueca
😭	cara llorando fuerte	cara	llorar	lágrima	triste
😮	cara con la boca abierta	boca	cara
😮‍💨	cara exhalando	alivio	bocanada	exhalar	jadear	resoplido	silbar
😯	cara estupefacta	alucinado	cara	estupefacto	sorprendido
😰	cara con ansiedad y sudor	ansiedad	cara	frío	sudor
😱	cara gritando de miedo	asustado	cara	miedo	pánico
😲	cara asombrada	alucinado	asombrado	cara	pasmado
😳	cara sonrojada	cara	colorado	sonrojado
😴	cara durmiendo	cara	dormido	sueño	zzz
😵	cara mareada	cara	mareo
😵‍💫	cara con ojos en espiral	espiral	hipnotizado	indispuesto	mareado	mareo	problema
😶	cara sin boca	boca	callado	cara	silencio
😶‍🌫	cara entre las nubes	ausente	cabeza en las nubes	cara en la niebla	en las nubes
😷	cara con mascarilla médica	cara	enfermo	malo	máscara
😸	gato sonriendo con ojos sonrientes	cara	gato	ojos	sonriente	sonrisa
😹	gato llorando de risa	cara	gato	lágrima	risa
😺	gato sonriendo	cara	feliz	gato alegre	gato feliz	sonrisa
😻	gato sonriendo con ojos de corazón	cara	corazón	enamorado	gato
😼	gato haciendo una mueca	cara	gato	irónico	sonrisa
😽	gato besando	beso	cara	cariñoso	gato
😾	gato enfadado	cara	enfadado	gato
😿	gato llorando	cara	gato	lágrima	pena	triste
🙀	gato asustado	cara	gato	preocupación	pánico	sorpresa
🙁	cara con el ceño ligeramente fruncido	cara	ceño	fruncido
🙂	cara sonriendo ligeramente	cara	sonrisa
🙂‍↔	cabeza negando	cabeza moviéndose horizontalmente	negar	no
🙂‍↕	cabeza asintiendo	asentir	cabeza moviéndose verticalmente	sí
🙃	cara al revés	cara	revés
🙄	cara con ojos en blanco	cara	frustración	ojos	vueltos
🙅	persona haciendo el gesto de "no"	gesto	mano	no	prohibido
🙅‍♀	mujer haciendo el gesto de "no"	gesto	mano	mujer	prohibido
🙅‍♂	hombre haciendo el gesto de "no"	gesto	hombre	mano	prohibido
🙆	persona haciendo el gesto de "de acuerdo"	OK	gesto	mano	vale
🙆‍♀	mujer haciendo el gesto de "de acuerdo"	OK	gesto	mano	vale
🙆‍♂	hombre haciendo el gesto de "de acuerdo"	OK	gesto	mano	vale
🙇	persona haciendo una reverencia	disculpa	gesto	perdón	reverencia
🙇‍♀	mujer haciendo una reverencia	disculpa	gesto	perdón	reverencia
🙇‍♂	hombre haciendo una reverencia	disculpa	gesto	perdón	reverencia
🙈	mono con los ojos tapados	cara	mal	mono	prohibido
🙉	mono con los oídos tapados	cara	mal	mono	prohibido
🙊	mono con la boca tapada	cara	mal	mono	prohibido
🙋	persona con la mano levantada	feliz	gesto	levantar	mano
🙋‍♀	mujer con la mano levantada	gesto	levantar	mano	mujer
🙋‍♂	hombre con la mano levantada	gesto	hombre	levantar	mano
🙌	manos levantadas celebrando	celebración	gesto	hurra	mano
🙍	persona frunciendo el ceño	ceño	fruncido	gesto	persona
🙍‍♀	mujer frunciendo el ceño	ceño	fruncido	gesto	mujer
🙍‍♂	hombre frunciendo el ceño	ceño	fruncido	gesto	hombre
🙎	persona haciendo pucheros	gesto	persona	pucheros
🙎‍♀	mujer haciendo pucheros	gesto	mujer	pucheros
🙎‍♂	hombre haciendo pucheros	gesto	hombre	pucheros
🙏	manos en oración	gracias	mano	oración	orar	por favor	rezar
🚀	cohete	espacio	vehículo
🚁	helicóptero	aspas	rotores	vehículo	volar
🚂	locomotora de vapor	locomotora	tren	vehículo
🚃	vagón	ferrocarril	tranvía	tren eléctrico	vehículo
🚄	tren de alta velocidad	AVE	ferrocarril	rápido	tren	velocidad
🚅	tren bala	bala	shinkansen	tren	vehículo	velocidad
🚆	tren	ferrocarril	vehículo
🚇	metro	subterráneo	suburbano	transporte
🚈	tren ligero	ferrocarril	transporte	tren
🚉	estación de tren	estación	tren
🚊	tranvía	transporte	trolebús
🚋	vagón de tranvía	tranvía	vagón	vehículo
🚌	autobús	bus	transporte
🚍	autobús próximo	autobús	próximo	vehículo
🚎	trolebús	transporte	tranvía
🚏	parada de autobús	autobús	parada
🚐	minibús	autobús	bus	transporte
🚑	ambulancia	asistencia médica	transporte	vehículo
🚒	coche de bomberos	camión	camión de bomberos	fuego	vehículo
🚓	coche de policía	coche patrulla	policía	vehículo
🚔	coche de policía próximo	coche patrulla	policía	próximo	vehículo
🚕	taxi	coche	vehículo
🚖	taxi próximo	taxi	vehículo
🚗	coche	automóvil	vehículo
🚘	coche próximo	automóvil	coche	próximo	vehículo
🚙	vehículo deportivo utilitario	camping	caravana	furgoneta	vacaciones	vehículo
🚚	camión de reparto	mercancías	reparto	transporte	vehículo
🚛	camión articulado	camión	tráiler	vehículo
🚜	tractor	agricultura	vehículo
🚝	monorraíl	ferrocarril	monocarril	transporte	tren
🚞	ferrocarril de montaña	ferrocarril	montaña	vehículo
🚟	ferrocarril de suspensión	ferrocarril	suspensión	vehículo
🚠	teleférico de montaña	cable	funicular	montaña	teleférico	vehículo
🚡	teleférico	aéreo	tranvía	vehículo
🚢	barco	vehículo
🚣	persona remando en un bote	barca	bote	remo
🚣‍♀	mujer remando en un bote	barca	bote	mujer	remo
🚣‍♂	hombre remando en un bote	barca	bote	hombre	remo
🚤	lancha motora	barco	vehículo
🚥	semáforo horizontal	luz	señales de tráfico	tráfico
🚦	semáforo	luz	semáforo vertical	señales de tráfico	tráfico
🚧	obras	construcción	señal	señal de obras
🚨	luces de policía	coche de policía	luces	policía
🚩	bandera triangular	bandera	bandera de localización triangular	bandera informativa de localización	localización
🚪	puerta
🚫	prohibido	entrar	no	pasar	prohibición
🚬	cigarrillo	cigarro	fumar
🚭	prohibido fumar	fumar	no	prohibido	señal
🚮	señal de usar papelera	basura	papelera	señal	tirar la basura en la papelera
🚯	prohibido tirar basura	basura	prohibido	señal	señal de no tirar basura
🚰	agua potable	agua	potable
🚱	agua no potable	agua	no potable
🚲	bicicleta	bici	vehículo
🚳	bicicletas prohibidas	bicicleta	prohibido	vehículo
🚴	persona en bicicleta	bicicleta	ciclismo	ciclista
🚴‍♀	mujer en bicicleta	bicicleta	ciclismo	ciclista	mujer
🚴‍♂	hombre en bicicleta	bicicleta	ciclismo	ciclista	hombre
🚵	persona en bicicleta de montaña	bicicleta	ciclista	montaña	mountain bike
🚵‍♀	mujer en bicicleta de montaña	bicicleta	ciclista	montaña	mountain bike
🚵‍♂	hombre en bicicleta de montaña	bicicleta	ciclista	montaña	mountain bike
🚶	persona caminando	andar	caminando	caminar
🚶‍♀	mujer caminando	andar	caminata	marcha	mujer
🚶‍♀‍➡	mujer caminando: hacia la derecha	andar	caminata	derecha	hacia	la	marcha	mujer	mujer caminando
🚶‍♂	hombre caminando	andar	caminata	hombre	marcha
🚶‍♂‍➡	hombre caminando: hacia la derecha	andar	caminata	derecha	hacia	hombre	hombre caminando	la	marcha
🚶‍➡	persona caminando: hacia la derecha	andar	caminando	caminar	derecha	hacia	la	persona caminando
🚷	prohibido el paso de peatones	peatones	peatón	prohibido	señal
🚸	niños cruzando	cruzando	niños	señal
🚹	aseo para hombres	aseo de caballeros	baño	servicio	señal	señal con un hombre
🚺	señal de aseo para mujeres	aseo de señoras	baño	servicio	señal	señal con una mujer
🚻	señal de aseos	aseos	servicios	wc
🚼	señal de bebé	bebé	cambiar	lactancia
🚽	inodoro	baño	váter	wc
🚾	aseos	WC	lavabo	servicios
🚿	ducha	agua	baño
🛀	persona en la bañera	bañera	baño	persona
🛁	bañera	baño
🛂	control de pasaportes	control	pasaportes
🛃	aduana
🛄	recogida de equipajes	equipaje	maleta
🛅	consigna	depósito	equipaje	servicio de equipaje en depósito
🛋	sofá y lámpara	hotel	lámpara	sofá
🛌	persona en la cama	dormir	hotel
🛍	bolsas de compras	bolsa	compra
🛎	timbre de hotel	botones	campanilla	hotel	timbre
🛏	cama	dormir	hotel
🛐	lugar de culto	culto	religión
🛑	señal de stop	octágono	parada	señal	stop
🛒	carrito de la compra	carrito	carro	compra	supermercado
🛕	templo hindú	hindú	templo
🛖	cabaña	casa	yurta
🛗	ascensor	accesibilidad	elevador	montacargas
🛘	desprendimiento	alud	avalancha	desastre	montaña	peligro	rocas	terremoto
🛜	wifi	conexión	inalámbrica	internet	red	wi-fi
🛝	tobogán	jugar	parque	parque de atracciones
🛞	rueda	círculo	girar	neumático	rodar
🛟	salvavidas	flotador	rescate	seguridad	socorrista
🛠	martillo y llave inglesa	herramienta	llave inglesa	martillo
🛡	escudo	defensa
🛢	barril de petróleo	barril	bidón	petróleo
🛣	autopista	carretera
🛤	vía de tren	tren	vía
🛥	barco a motor	barco	motor	vehículo
🛩	avioneta	avión
🛫	avión despegando	aeroplano	avión	salida
🛬	avión aterrizando	aeroplano	avión	llegada
🛰	satélite	espacio	vehículo
🛳	barco de pasajeros	barco	pasajeros	vehículo
🛴	patinete
🛵	scooter	escúter	moto
🛶	canoa	barca	barco	piragua
🛷	trineo
🛸	platillo volante	ovni
🛹	monopatín	skateboard	tabla
🛺	mototaxi	rickshaw	tuk tuk
🛻	camioneta	pickup	ranchera
🛼	patines	patín	patín de 4 ruedas	patín de cuatro ruedas
🟠	círculo naranja	círculo	naranja
🟡	círculo amarillo	amarillo	círculo
🟢	círculo verde	círculo	verde
🟣	círculo morado	círculo	lila	morado	púrpura
🟤	círculo marrón	círculo	marrón
🟥	cuadrado rojo	cuadrado	rojo
🟦	cuadrado azul	azul	cuadrado
🟧	cuadrado naranja	cuadrado	naranja
🟨	cuadrado amarillo	amarillo	cuadrado
🟩	cuadrado verde	cuadrado	verde
🟪	cuadrado morado	cuadrado	lila	morado	púrpura
🟫	cuadrado marrón	cuadrado	marrón
🟰	signo igual grueso	equivalencia	igualdad	matemáticas	mates
🤌	dedos juntos apuntando hacia arriba	dedos	gesto	italia	italiano	mano	sarcasmo
🤍	corazón blanco	blanco	corazón	emoción
🤎	corazón marrón	corazón	emoción	marrón
🤏	mano pellizcando	pellizco	poco	poquito
🤐	cara con la boca cerrada con cremallera	boca	cara	cremallera
🤑	cara con lengua de dinero	boca	cara	dinero
🤒	cara con termómetro	cara	enfermo	malo	termómetro
🤓	cara de empollón	cara	empollón	friki	friqui
🤔	cara pensativa	cara	duda	pensando
🤕	cara con la cabeza vendada	cara	dolor	herida	venda
🤖	robot	cara	monstruo
🤗	cara con manos abrazando	abrazo	cara	sonrisa
🤘	mano haciendo el signo de cuernos	cuernos	dedo	mano	rock
🤙	mano haciendo el gesto de llamar	llamar	mano	meñique	pulgar
🤚	dorso de la mano	dorso	levantado	mano
🤛	puño hacia la izquierda	izquierda	puño
🤜	puño hacia la derecha	derecha	puño
🤝	apretón de manos	acuerdo	apretón	manos
🤞	dedos cruzados	cruzar	dedos	mano	suerte
🤟	gesto de te quiero	mano	quiero
🤠	cara con sombrero de vaquero	cara	sombrero	vaquera	vaquero
🤡	cara de payaso	cara	payaso
🤢	cara de náuseas	cara	náuseas	vomitar
🤣	cara revolviéndose de la risa	cara	carcajada	ojos cerrados	risa
🤤	cara babeando	baba	babeando	cara
🤥	cara de mentiroso	cara	mentiroso	nariz	pinocho
🤦	persona con la mano en la frente	facepalm	frente	incredulidad	mano
🤦‍♀	mujer con la mano en la frente	facepalm	frente	incredulidad	mano
🤦‍♂	hombre con la mano en la frente	facepalm	frente	incredulidad	mano
🤧	cara estornudando	cara	estornudar	estornudo	pañuelo
🤨	cara con ceja alzada	desconfiado	escéptico
🤩	cara sonriendo con estrellas	cara	estrellas	sonrisa
🤪	cara de loco	grande	ojo	pequeño
🤫	cara pidiendo silencio	callado	silencio
🤬	cara con símbolos en la boca	maldecir	palabrota	símbolo
🤭	cara con mano sobre la boca	ostras	uy	vaya
🤮	cara vomitando	enfermo	malo	vomitar
🤯	cabeza explotando	cabeza	explosión
🤰	mujer embarazada	embarazada	mujer
🤱	lactancia materna	amamantar	bebé	dar pecho	pecho
🤲	palmas hacia arriba juntas	oración
🤳	selfi	autofoto	cámara	selfie	teléfono
🤴	príncipe	corona
🤵	persona con esmoquin	esmoquin	novio	persona
🤵‍♀	mujer con esmoquin	esmoquin	mujer
🤵‍♂	hombre con esmoquin	esmoquin	hombre
🤶	Mamá Noel	Navidad	celebración	claus	cuento	fantasía	feliz	fiestas	madre	santa
🤷	persona encogida de hombros	duda	encogerse	hombros	indiferencia
🤷‍♀	mujer encogida de hombros	duda	encogerse	hombros	indiferencia
🤷‍♂	hombre encogido de hombros	duda	encogerse	hombros	indiferencia
🤸	persona haciendo voltereta lateral	acrobacia	gimnasia	pirueta	rueda	voltereta
🤸‍♀	mujer dando una voltereta lateral	deporte	gimnasia	mujer	rueda	voltereta
🤸‍♂	hombre dando una voltereta lateral	deporte	gimnasia	hombre	rueda	voltereta
🤹	persona haciendo malabares	equilibrio	malabares	malabarismo	malabarista
🤹‍♀	mujer haciendo malabares	malabares	malabarismo	malabarista	mujer
🤹‍♂	hombre haciendo malabares	hombre	malabares	malabarismo	malabarista
🤺	persona haciendo esgrima	esgrima	esgrimista	espada
🤼	personas luchando	lucha	luchador
🤼‍♀	mujeres luchando	deporte	lucha	luchadora	mujer
🤼‍♂	hombres luchando	deporte	hombre	lucha	luchador
🤽	persona jugando al waterpolo	waterpolista	waterpolo
🤽‍♀	mujer jugando al waterpolo	agua	deporte	waterpolista	waterpolo
🤽‍♂	hombre jugando al waterpolo	agua	deporte	waterpolista	waterpolo
🤾	persona jugando al balonmano	balonmanista	balonmano
🤾‍♀	mujer jugando al balonmano	balonmanista	balonmano	deporte	mujer
🤾‍♂	hombre jugando al balonmano	balonmanista	balonmano	deporte	hombre
🤿	máscara de buceo	bucear	buzo	esnórquel	máscara	tubo
🥀	flor marchita	flor	marchita	marchitada	marchitarse
🥁	tambor	baquetas	música
🥂	copas brindando	bebida	brindar	brindis	celebración	copa
🥃	vaso de whisky	chupito	copa	licor	vaso	whisky
🥄	cuchara	cubiertos	cucharilla
🥅	portería	deporte	red
🥇	medalla de oro	medalla	oro	primero
🥈	medalla de plata	medalla	plata	segundo
🥉	medalla de bronce	bronce	medalla	tercero
🥊	guante de boxeo	boxeo	deporte	guante
🥋	uniforme de artes marciales	artes marciales	judo	kárate	taekwondo
🥌	piedra de curling	juego	roca
🥍	lacrosse	bola	palo	pelota	raqueta
🥎	pelota de softball	bola	pelota	softball
🥏	disco volador	disco	frisbee
🥐	cruasán	bollo	comida	croissant	francés
🥑	aguacate	comida	fruta
🥒	pepino	comida	pepinillo	verdura
🥓	beicon	bacon	carne	comida	panceta
🥔	patata	comida	papa	verdura
🥕	zanahoria	comida	verdura
🥖	baguete	baguette	barra	comida	francés	pan
🥗	ensalada	bol	comida	verde
🥘	paella	arroz	comida
🥙	pan relleno	comida	durum	falafel	kebab	pan de pita
🥚	huevo	comida
🥛	vaso de leche	bebida	leche	vaso
🥜	cacahuetes	cacahuete	comida	fruto seco	verdura
🥝	kiwi	comida	fruta
🥞	tortitas	comida	dulce	pancakes	postre	tortita
🥟	dumpling	comida	gyōza	jiaozi	masa
🥠	galleta de la fortuna	adivinación	profecía	superstición
🥡	caja para llevar	recipiente para llevar	restaurante
🥢	palillos	cubiertos	hashi
🥣	cuenco con cuchara	cereal	desayuno
🥤	vaso con pajita	refresco	zumo
🥥	coco	palmera	piña colada
🥦	brócoli	col	repollo
🥧	pastel	masa	relleno
🥨	bretzel	galleta salada	pretzel
🥩	corte de carne	carne	chuleta	filete
🥪	sándwich	bocadillo	bocata	emparedado
🥫	comida enlatada	conserva	lata
🥬	verdura de hoja verde	bok choy	col	kale	lechuga	pak choi
🥭	mango	fruta	tropical
🥮	pastel de luna	festival	luna	otoño	yuebing
🥯	bagel	bocadillo	pan	panadería
🥰	cara sonriendo con corazones	adorar	amor	corazones	enamorada	enamorado
🥱	cara de bostezo	aburrido	bostezo	cansado	dormido	sueño
🥲	cara sonriente con lágrima	agradecido	aliviado	emocionado	lágrima	orgulloso	sonrisa
🥳	cara de fiesta	capirote	celebración	fiesta	gorro	matasuegras
🥴	cara de grogui	atontado	entonado	grogui	intoxicado	mareado
🥵	cara con calor	calor	cara roja	fiebre	golpe de calor	sudor
🥶	cara con frío	cara congelada	congelado	frío	helado
🥷	ninja	furtivo	guerrero	luchador	oculto	sigilo
🥸	cara disfrazada	careta	disfraz	disimulo	gafas	incógnito	nariz
🥹	cara aguantándose las lágrimas	emocionado	emoción	llorar	orgulloso	resistir	triste
🥺	cara suplicante	implorar	ojos adorables	piedad	por favor
🥻	sari	prenda	ropa	vestido
🥼	bata de laboratorio	científico	doctor	experimento	médico
🥽	gafas de protección	gafas	nadar	protección ocular	soldar
🥾	bota de senderismo	bota	camping	mochilero	senderismo
🥿	bailarina	calzado	zapato
🦀	cangrejo	animal	cáncer	zodiaco
🦁	león	cara	leo	zodiaco
🦂	escorpión	escorpio	zodiaco
🦃	pavo	ave
🦄	unicornio	cara
🦅	águila	ave
🦆	pato	ave
🦇	murciélago	vampiro
🦈	tiburón	pez
🦉	búho	ave	lechuza	pájaro
🦊	zorro	cara
🦋	mariposa	bonito	insecto
🦌	ciervo	bambi	cervatillo
🦍	gorila	primate	simio
🦎	lagarto	lagartija	reptil
🦏	rinoceronte	paquidermo
🦐	gamba	camarón	comida	langostino	marisco
🦑	calamar	comida	molusco
🦒	jirafa	manchas
🦓	cebra	raya
🦔	erizo	espinas	púas
🦕	saurópodo	braquiosaurio	brontosaurio	diplodocus
🦖	t-rex	tiranosaurio	tiranosaurio rex
🦗	grillo	saltamontes
🦘	canguro	marsupial	saltar	salto
🦙	llama	alpaca	guanaco	lana	vicuña
🦚	pavo real	ave	orgulloso	pavo	plumas
🦛	hipopótamo	paquidermo
🦜	loro	ave	hablar	papagayo	pirata
🦝	mapache	astuto	curioso	ladino	maquillaje	ojeras
🦞	bogavante	langosta	marisco	pinzas
🦟	mosquito	fiebre	insecto	malaria	virus
🦠	microbio	ameba	bacteria	germen	virus
🦡	tejón	ratel	tejón de la miel	tejón melero
🦢	cisne	ave	patito feo
🦣	mamut	colmillo	extinguido	lanudo
🦤	dodo	Mauricio	ave	dronte	extinguido	pájaro
🦥	perezoso	gandul	lento	vago
🦦	nutria	bromista	juguetón	pesca
🦧	orangután	mono	primate	simio
🦨	mofeta	apestar	hedor	mal olor	peste	tufo
🦩	flamenco	extravangante	ostentoso	tropical
🦪	ostra	buceo	perla
🦫	castor	roedor
🦬	bisonte	búfalo	cíbolo
🦭	foca	león marino
🦮	perro guía	accesibilidad	ciego	guía	invidente	lazarillo
🦯	bastón	accesibilidad	ceguera	ciega	ciego	invidente
🦰	pelo pelirrojo	pelirrojo	pelo	rojizo	rojo
🦱	pelo rizado	afro	bucle	rizado	rizo	tirabuzón
🦲	sin pelo	afeitado	bola de billar	calvo	quimioterapia
🦳	pelo blanco	blanco	cana	gris	pelo	viejo
🦴	hueso	esqueleto
🦵	pierna	extremidad	patada
🦶	pie	patada	pisotón
🦷	diente	dentista	molar	muela
🦸	personaje de superhéroe	bien	heroína	héroe	superheroína	superhéroe	superpoder
🦸‍♀	superheroína	bondad	heroína	héroe	mujer	superhéroe	superpoder
🦸‍♂	superhéroe	bueno	hombre	héroe	superhombre	superpoder
🦹	personaje de supervillano	mal	superpoder	supervillana	supervillano	villana	villano
🦹‍♀	supervillana	mal	malvada	mujer	villana
🦹‍♂	supervillano	hombre	mal	malvado	villano
🦺	chaleco de seguridad	chaleco	emergencia	seguridad
🦻	oreja con audífono	accesibilidad	audífono	prótesis auditiva	sordo
🦼	silla de ruedas eléctrica	accesibilidad
🦽	silla de ruedas manual	accesibilidad
🦾	brazo mecánico	accesibilidad	ortopedia	prótesis
🦿	pierna mecánica	accesibilidad	ortopedia	prótesis
🧀	cuña de queso	cuña	queso	trozo
🧁	magdalena	cupcake	dulce	repostería
🧂	sal	condimento	salero
🧃	tetrabrik	brick	cartón	envase	zumo
🧄	ajo	condimento	vampiro
🧅	cebolla	condimento	llorar
🧆	falafel	albóndiga	garbanzo
🧇	gofre	waffle
🧈	mantequilla	lácteo
🧉	mate	bebida	infusión
🧊	cubito de hielo	frío	iceberg
🧋	té de burbujas	boba	bubble tea	burbuja	leche	perla	té
🧌	trol	cuento de hadas	fantasía	monstruo
🧍	persona de pie	de pie	levantada	levantado	levantarse
🧍‍♀	mujer de pie	de pie	levantada	levantarse	mujer
🧍‍♂	hombre de pie	de pie	hombre	levantado	levantarse
🧎	persona de rodillas	arrodillada	arrodillado	arrodillarse	de rodillas
🧎‍♀	mujer de rodillas	arrodillada	arrodillarse	de rodillas	mujer
🧎‍♀‍➡	mujer de rodillas: hacia la derecha	arrodillada	arrodillarse	de rodillas	derecha	hacia	la	mujer	mujer de rodillas
🧎‍♂	hombre de rodillas	arrodillado	arrodillarse	de rodillas	hombre
🧎‍♂‍➡	hombre de rodillas: hacia la derecha	arrodillado	arrodillarse	de rodillas	derecha	hacia	hombre	hombre de rodillas	la
🧎‍➡	persona de rodillas: hacia la derecha	arrodillada	arrodillado	arrodillarse	de rodillas	derecha	hacia	la	persona de rodillas
🧏	persona sorda	accesibilidad	escuchar	oído	oír	sordera
🧏‍♀	mujer sorda	mujer	sorda	sordera
🧏‍♂	hombre sordo	hombre	sordera	sordo
🧐	cara con monóculo	aristocrático	estirado
🧑	persona adulta	género	neutro
🧑‍⚕	profesional sanitario	doctor	enfermero	médico	salud	terapeuta
🧑‍⚖	fiscal	juez	juicio	magistrado
🧑‍✈	piloto	avión	capitán	vuelo
🧑‍🌾	profesional de la agricultura	agricultor	cultivador	granjero	jardinero	labrador
🧑‍🍳	chef	cocinero	cocinillas	guisandero	pinche
🧑‍🍼	persona alimentando a bebé	alimentar	amamantar	bebé	lactancia	persona
🧑‍🎄	Noel	Navidad	celebración	claus	cuento	fantasía	feliz	fiestas	santa
🧑‍🎓	estudiante	graduado	licenciado	universitario
🧑‍🎤	cantante	artista	estrella	rock
🧑‍🎨	artista	paleta	pintor	pinturas
🧑‍🏫	docente	educador	enseñanza	instructor	maestro	profesor
🧑‍🏭	profesional industrial	fábrica	montaje	obrero	operario	trabajador
🧑‍💻	profesional de la tecnología	desarrollador	informático	programador	software	tecnólogo
🧑‍💼	oficinista	arquitecto	director	ejecutivo	empresa
🧑‍🔧	profesional de la mecánica	electricista	fontanero	mecánico	operario	técnico
🧑‍🔬	profesional de la ciencia	biólogo	científico	físico	investigador	químico
🧑‍🚀	astronauta	cohete	espacio
🧑‍🚒	bombero	camión	manguera
🧑‍🤝‍🧑	dos personas de la mano	mano	pareja	persona
🧑‍🦯	persona con bastón	accesibilidad	ciego	invidente
🧑‍🦯‍➡	persona con bastón: hacia la derecha	accesibilidad	ciego	derecha	hacia	invidente	la	persona con bastón
🧑‍🦰	persona adulta: pelo pelirrojo	género	neutro	pelo pelirrojo	persona adulta
🧑‍🦱	persona adulta: pelo rizado	género	neutro	pelo rizado	persona adulta
🧑‍🦲	persona adulta: sin pelo	género	neutro	persona adulta	sin pelo
🧑‍🦳	persona adulta: pelo blanco	género	neutro	pelo blanco	persona adulta
🧑‍🦼	persona en silla de ruedas eléctrica	accesibilidad	silla de ruedas
🧑‍🦼‍➡	persona en silla de ruedas eléctrica: hacia la derecha	accesibilidad	derecha	hacia	la	persona en silla de ruedas eléctrica	silla de ruedas
🧑‍🦽	persona en silla de ruedas manual	accesibilidad	silla de ruedas
🧑‍🦽‍➡	persona en silla de ruedas manual: hacia la derecha	accesibilidad	derecha	hacia	la	persona en silla de ruedas manual	silla de ruedas
🧑‍🧑‍🧒	familia: adulto, adulto, niño	adulto	familia	niño
🧑‍🧑‍🧒‍🧒	familia: adulto, adulto, niño, niño	adulto	familia	niño
🧑‍🧒	familia: adulto, niño	adulto	familia	niño
🧑‍🧒‍🧒	familia: adulto, niño, niño	adulto	familia	niño
🧑‍🩰	bailarina de ballet	bailarina	bailarín	ballet
🧒	infante	crío	género	joven	neutro
🧓	persona mayor	adulto	género neutro	género no especificado	maduro	mayor
🧔	persona con barba	barbas	barbudo	persona
🧔‍♀	mujer: barba	barba	mujer
🧔‍♂	hombre: barba	barba	hombre
🧕	mujer con hiyab	hiyab	pañuelo
🧖	persona en una sauna	sauna	vapor
🧖‍♀	mujer en una sauna	sauna	vapor
🧖‍♂	hombre en una sauna	sauna	vapor
🧗	persona escalando	alpinista	escalador
🧗‍♀	mujer escalando	alpinista	escaladora
🧗‍♂	hombre escalando	alpinista	escalador
🧘	persona en posición de loto	meditación	yoga
🧘‍♀	mujer en posición de loto	meditación	yoga
🧘‍♂	hombre en posición de loto	meditación	yoga
🧙	persona maga	bruja	brujo	hechicera	hechicero
🧙‍♀	maga	bruja	hechicera
🧙‍♂	mago	brujo	hechicero
🧚	hada	campanilla	oberón	puck	titania
🧚‍♀	hada mujer	campanilla	hada	titania
🧚‍♂	hada hombre	hada	oberón	puck
🧛	vampiro	drácula	muerto viviente	no muerto
🧛‍♀	vampiresa	muerta viviente	no muerta
🧛‍♂	vampiro hombre	drácula	muerto viviente	no muerto
🧜	persona sirena	sirena	tritón
🧜‍♀	sirena
🧜‍♂	sirena hombre	sirena	tritón
🧝	elfo	mágico
🧝‍♀	elfa	mujer	mágico
🧝‍♂	elfo hombre	elfo	mágico
🧞	genio	lámpara
🧞‍♀	genio mujer	genio	lámpara
🧞‍♂	genio hombre	djinn	genio	lámpara
🧟	zombi	muerto viviente	no muerto
🧟‍♀	zombi mujer	caminante	muerta viviente	no muerta
🧟‍♂	zombi hombre	caminante	muerto viviente	no muerto
🧠	cerebro	inteligente
🧡	corazón naranja	corazón	emoción	naranja
🧢	gorra con visera	béisbol	gorra	visera
🧣	bufanda	abrigo	cuello
🧤	guantes	mano
🧥	abrigo	chaquetón
🧦	calcetines	pies	ropa
🧧	sobre rojo	buena suerte	hóngbāo	lai see	regalo
🧨	petardo	dinamita	explosivo	fuegos artificiales
🧩	pieza de puzle	conectar	pieza	pista	puzle	rompecabezas
🧪	tubo de ensayo	ciencia	experimento	laboratorio	química	químico
🧫	placa de petri	bacterias	biología	biólogo	cultivo	laboratorio
🧬	adn	biólogo	evolución	gen	genética	vida
🧭	brújula	compás	magnético	navegación	orientación
🧮	ábaco	contar	cálculo	matemáticas
🧯	extintor	apagar	extinguir	incendio
🧰	caja de herramientas	armario	herramienta	mecánico
🧱	ladrillo	arcilla	cemento	muro	pared
🧲	imán	atracción	herradura	magnético
🧳	equipaje	maleta	viajar
🧴	bote de crema	champú	crema	hidratante	protector solar
🧵	hilo	aguja	carrete	coser	costura
🧶	ovillo	bola	croché	punto	tejer
🧷	imperdible	pañal	punk rock
🧸	osito de peluche	juguete	oso	peluche
🧹	escoba	barrer	bruja	fregar
🧺	cesta	colada	cosecha	pícnic
🧻	rollo de papel	papel absorbente	papel higiénico
🧼	jabón	bañarse	enjabonarse	jabonera	lavarse	pastilla
🧽	esponja	absorbente	limpiar	poroso
🧾	recibo	contabilidad	prueba	teneduría de libros	testimonio
🧿	ojo turco	amuleto	mal de ojo	nazar	talismán
🩰	zapatillas de ballet	bailar	ballet	balé	danza
🩱	traje de baño de una pieza	bañador
🩲	ropa interior	bañador	bragas	braguitas	calzoncillos	slip
🩳	pantalones cortos	bañador	bermudas	calzoncillos	ropa interior	shorts
🩴	chancla	chancla de dedo	chancleta	chinela	sandalia
🩵	corazón azul claro	azul	celeste	cián	claro	corazón
🩶	corazón gris	corazón	gris	pizarra	plata
🩷	corazón rosa	amor	bonito	corazón	gustar	rosa
🩸	gota de sangre	donación de sangre	donar sangre	herida	medicina	sangre
🩹	tirita	apósito
🩺	estetoscopio	corazón	doctor	fonendoscopio	latido	medicina	médico
🩻	radiografía	doctor	doctora	esqueleto	huesos	médico	rayos
🩼	muleta	ayuda para la movilidad	bastón	discapacidad	lesión	palo
🪀	yoyó	dieta	efecto	fluctuar	juguete
🪁	cometa	juguete	planear	viento	volar
🪂	paracaídas	ala delta	paracaidismo	paravela	volar
🪃	bumerán	boomerang	rebotar
🪄	varita mágica	bruja	hechicero	magia	mago	prestidigitación	varita
🪅	piñata	caballito	celebración	fiesta
🪆	muñeca rusa	babushka	mamushka	matrioska	rusia
🪇	maracas	agitar	brasil	instrumento	movimiento	música	percusión
🪈	flauta	flautín	instrumento	instrumento de viento madera	música
🪉	arpa	amor	cupido	harpa	instrumento	música	orquesta
🪊	trombón	instrumento	jazz	metal	música	triste	viento
🪎	cofre de tesoro	botín	dinero	joyas	objetos de valor	oro	piedras preciosas	plata	premio	riqueza
🪏	pala	agujero	cavar	enterrar	excavar	hoyo	huerto	nieve	planta
🪐	planeta con anillos	saturnino	saturno
🪑	silla	asiento	sentarse
🪒	cuchilla de afeitar	afeitado	afeitar	afilado	barbero	navaja
🪓	hacha	cortar	dividir	hachuela	madera	talar
🪔	lámpara de aceite	aceite	diya	lámpara
🪕	banjo	banyo	cuerda	instrumento	música
🪖	casco militar	casco	ejército	guerra	guerrero	soldado
🪗	acordeón	concertina
🪘	tamboril	conga	ritmo	tambor
🪙	moneda	dinero	metal	oro	plata	tesoro
🪚	sierra de carpintería	carpintero	carpintería	herramienta	sierra	talar
🪛	destornillador	atornillador	herramienta	tornillo
🪜	escalera	escalar	escalerilla	escalón	peldaño
🪝	gancho	agarrar	anzuelo	atrapar	garfio
🪞	espejo	espéculo	reflector	reflejo
🪟	ventana	abertura	apertura	cristal	marco	transparente	vista
🪠	desatascador	fontanero	retrete	servicio	succión
🪡	aguja de coser	aguja	bordado	coser	hilar	punto	tejer
🪢	nudo	anudar	atar	enredar	trenzar
🪣	cubo	balde	barreño	cuba	cubeta
🪤	trampa de ratones	cebo	cepo	engañar	ratonera	ratón	trampa
🪥	cepillo de dientes	cepillo	dental	higiene	limpio	servicio
🪦	lápida	cementario	estela	sepulcro	tumba
🪧	letrero	anuncio	aviso	cartel	pancarta	poste
🪨	piedra	pedrusco	peña	peñasco	roca
🪩	bola de espejos	bailar	brillar	disco	discoteca	fiesta
🪪	carné de identidad	carné de conducir	credenciales	identificación	permiso	seguridad
🪫	batería baja	batería	carga baja	electrónico	energía baja	pila
🪬	hamsa	Fátima	María	Miriam	amuleto	jamsa	mano
🪭	abanico abierto	abanico	airear	bailar	calor	feria	flamenco
🪮	peineta	afro	peine	pelo
🪯	khanda	religión	sij	sijismo	sikh
🪰	mosca	basura	bicho	mal olor	podrido
🪱	gusano	lombriz	oruga	parásito
🪲	escarabajo	bicho	insecto
🪳	cucaracha	alimaña	bicho	insecto	plaga
🪴	planta de maceta	crecer	maceta	planta	tiesto
🪵	madera	hoguera	leña	madero	palos	tronco
🪶	pluma	ave	ligero	plumaje	pájaro
🪷	loto	budismo	flor	hinduismo	pureza
🪸	coral	arrecife	océano
🪹	nido vacío	anidación	anidamiento	anidar
🪺	nido con huevos	anidación	anidamiento	anidar
🪻	campanilla	boca de dragón	flor	jacinto	lavanda	lila	lupino
🪼	medusa	invertebrado	marino	picadura	picar
🪽	ala	angelical	ave	mitología	pájaro	volar	ángel
🪾	árbol sin hojas	deshojado	estéril	invierno	madera	muerto	ramas	sequía	sin hojas	tronco	árbol
🪿	oca	ave	ganso	graznar	pájaro
🫀	corazón humano	anatomía	cardiología	corazón	latido	pulso	órgano
🫁	pulmones	exhalar	inhalar	respiración	respirar	órgano
🫂	personas abrazándose	abrazo	adiós	despedida	gracias	saludo
🫃	hombre embarazado	barriga	embarazado	hinchado	hinchazón	inflado	lleno
🫄	persona embarazada	barriga	embarazo	gestación	hinchazón
🫅	persona con corona	majestad	monarca	monarquía	noble	real	realeza
🫆	huella dactilar	delito	detective	forense	huella	huella digital	identidad	misterio	rastro	seguridad
🫈	criatura peluda	bigfoot	bosque	críptido	gigante	monstruo	peludo	sasquatch	yeti
🫍	orca	ballena	mar	marino	océano
🫎	alce	animal	asta	ciervo canadiense	cuernos	mamífero	uapití
🫏	burro	animal	asno	borrico	mamífero	mula	terco
🫐	arándanos	arándano	azul	baya	frutos del bosque	mirtilo
🫑	pimiento	ají	chile	morrón	rojo	verdura
🫒	aceituna	aperitivo	comida	oliva
🫓	pan sin levadura	arepa	naan	pita	tortilla
🫔	tamal	mejicano	mexicano	wrap
🫕	fondue	chocolate	olla	queso	suizo
🫖	tetera	bebida	infusión	té
🫗	líquido derramándose	bebida	derramar	vacío	vaso	verter
🫘	alubias	comida	habichuela roja	habichuelas	judía roja	judías	legumbre
🫙	tarro	almacenar	condimento	frasco	recipiente	salsa	vacío
🫚	raíz de jengibre	cerveza	especia	garganta	raíz
🫛	vaina	edamame	guisante	judías	legumbre	soja	verdura
🫜	túberculo comestible	chirivía	comida	ensalada	huerto	nabo	raíz	remolacha	rábano	vegetariano	verdura
🫟	salpicadura	gotear	líquido	mancha	manchar	pintura	salpicar	tinta
🫠	cara derritiéndose	calor	derretido	derretirse	desaparecer	fundirse	líquido
🫡	cara saludando	ejército	orden	saludo	sol	sí	vale
🫢	cara con ojos abiertos y boca tapada	alucinar	asombro	increíble	sorpresa	vergüenza
🫣	cara tapada con ojo espiando	espiar	fascinado	mirar	vistazo
🫤	cara con boca diagonal	decepcionado	decepción	escéptico	inseguro	jo	vaya
🫥	cara con línea de puntos	depresivo	deprimido	desaparecer	esconderse	introvertido	invisible
🫦	labio mordido	ansioso	incómodo	ligar	miedo	nervioso	preocupado
🫧	burbujas	bajo el agua	eructar	jabón	limpiar
🫨	cara temblorosa	shock	temblar	terremoto	vibrar
🫩	cara con ojeras	agotado	agotamiento	cansado	cansancio	cara	extenuación	extenuado	ojeras	ojos	sueño
🫪	cara deformada	ansiedad	conmocionado	hinchado	pánico	sorprendido	vulnerable
🫯	nube de pelea	alboroto	altercado	bronca	desacuerdo	discusión	lucha	pelea
🫰	mano con dedo índice y pulgar cruzados	amor	caro	chasquido	corazón	dinero
🫱	mano hacia la derecha	a la derecha	derecha	mano
🫲	mano hacia la izquierda	a la izquierda	izquierda	mano
🫳	mano con la palma hacia abajo	bajar	descartar	fuera	no	quita	rechazar
🫴	mano con la palma hacia arriba	acércate	dame	ofrecer	trae	ven
🫵	dedo índice apuntándote a ti	apuntar	ti	tú
🫶	manos formando un corazón	amor
🫷	mano empujando hacia la izquierda	a la izquierda	choca esos cinco	detener	empujar	rechazar	stop
🫸	mano empujando hacia la derecha	a la derecha	choca esos cinco	detener	empujar	rechazar	stop
﷼	rial	moneda
