!	tanda seru	bang	seruan
#	tanda cencang	cencang	lb	nombor	paun	tanda pagar
#⃣	butang kekunci: #	butang kekunci
$	dolar	USD	peso	wang
%	peratus
&	ampersan	dan	et
'	koma lurus	petik	tanda petik tunggal
)	tanda kurung	dakap	kurung
*	asterisk	bintang	kad liar
*⃣	butang kekunci: *	butang kekunci
+	tanda campur	campur	tambah
,	koma
-	sempang tanda tolak	sempang	sengkang	tanda tolak
.	noktah	tanda henti	titik
/	garis condong	garis miring	gurisan	leretan	serong	solidus
0⃣	butang kekunci: 0	0	butang kekunci	kosong
1⃣	butang kekunci: 1	1	butang kekunci	satu
2⃣	butang kekunci: 2	2	butang kekunci	dua
3⃣	butang kekunci: 3	3	butang kekunci	tiga
4⃣	butang kekunci: 4	4	butang kekunci	empat
5⃣	butang kekunci: 5	5	butang kekunci	lima
6⃣	butang kekunci: 6	6	butang kekunci	enam
7⃣	butang kekunci: 7	7	butang kekunci	tujuh
8⃣	butang kekunci: 8	8	butang kekunci	lapan
9⃣	butang kekunci: 9	9	butang kekunci	sembilan
:	noktah bertindih
;	koma bernoktah	koma bertitik
<	kurang daripada	tag	tag terbuka
=	sama dengan	sama
>	lebih besar daripada	tag	tag tertutup
?	tanda soalan	soalan
@	tanda at	ampersat	arobase	arroba	at komersial	simbol at	strudel
[	buka kurung siku	krocet	kurung siku	kurungan
\	garis miring balik	leretan	solidus balik
]	kurung siku tertutup	krocet	kurung siku	kurungan
^	aksen sirkumfleks	aksen	baji	hat	karet	kawal	penunjuk	sevron	simbol xor	sirkumfleks	tenaga
_	garis bawah	garis	sengkang	sengkang bawah
`	aksen grava	aksen	grava	ton
{	buka kurung dakap	dakap	kurung dakap	sayap camar
|	bar menegak	bar v	garis	garis sheffer	kayu	paip	tombak
}	tutup kurung dakap	dakap	kurung dakap	sayap camar
~	lambang tilde
¡	tanda seru terbalik	bang	seruan	tanda seru	terbalik	titik seru
¢	sen
£	paun	EGP	GBP	mata wang
¤	Mata Wang Tidak Diketahui
¥	yen	CNY	JPY	mata wang	yuan
§	bahagian	keratan	perenggan	seksyen
¨	diaresis	trema	umlaut
©	hak cipta	c
«	sudut berganda kiri	chevron	karet	kiri	kurungan	petikan
¬	penafian	nafi
®	berdaftar	r
°	darjah	bukti	jam
±	campur - tolak
²	nombor dua superskrip	dua	kuasa dua	superskrip
³	nombor tiga superskrip	kuasa tiga	superskrip	tiga
´	aksen tirus	aksen	tirus	ton
µ	simbol mikro	ukuran
¶	tanda perenggan	alinea	parap	perenggan	pilcrow
·	titik tengah	noktah tengah	tengah	titik
¹	nombor satu superskrip	satu	superskrip
»	sudut berganda kanan	chevron	kanan	karet	kurungan	petikan	sudut
¿	tanda soal terbalik	soalan	tanda soal	terbalik
×	simbol pendaraban	darab	kali	pendaraban
÷	simbol pembahagian	bahagi	obelus	pembahagian
֏	Dram Armenia
؋	Afghani Afghanistan
،	koma arab	arab	koma
؛	koma bernoktah arab	arab	koma bernoktah
؟	tanda soal arab	arab	soalan	tanda soal
৳	Taka Bangladesh
฿	Baht Thai
៛	Riel Kemboja
‐	sempang	sengkang
–	sengkang en	en	sengkang
—	sengkang em	em	sengkang
―	palang lintang	garisan	palang	sengkang
‘	koma atas kiri	koma atas	petik	tanda petik	tanda petik tunggal
’	koma atas kanan	koma atas	petik	tanda petik	tanda petik tunggal
‚	koma bawah kanan	koma bawah	petik	tanda petik bawah
“	tanda petik kiri	petik	petikan	tanda petik	tanda petikan
”	tanda petikan	petik	petikan
„	tanda petikan bawah	petikan	tanda petik	tanda petikan
†	tanda dagger	dagger	obelisk	obelus
‡	simbol dagger berganda	berganda	dagger	obelisk	obelus
•	bulet	titik
…	elipsis	tanda tinggal	titik
‧	titik sempang	sempang	sengkang	titik
‰	per mille
′	prima
″	prima ganda dua	prima
‴	prima ganda tiga	prima
‸	karet
※	tanda rujukan
‼	tanda seru berganda	bangbang	seru	tanda	tanda baca
‽	interrobang
‾	garis atas
⁂	asterisme	bintang	dinkus
⁄	garis condong pecahan	garis miring	virgule
⁉	tanda soal seru	interrobang	seru	soalan	tanda	tanda baca
⁻	tolak superskrip	superskrip	tolak
₡	Colon Costa Rica
₢	cruzeiro	BRB	mata wang
₣	franc perancis	franc	mata wang
₤	lira	mata wang
₥	juta
₦	Naira Nigeria
₨	rupee	mata wang
₩	won	KPW	KRW
₪	Syekel Baharu Israel
₫	Dong Vietnam
€	euro	EUR	mata wang
₭	Kip Laos
₮	Tugrik Mongolia
₰	peni jerman	mata wang	pfennig
₱	peso
₲	Guarani Paraguay
₳	austral	ARA	mata wang
₴	Hryvnia Ukraine
₵	Cedi Ghana
₶	livre tournois	mata wang
₷	spesmilo	mata wang
₸	Tenge Kazakhstan
₹	rupee india	mata wang	rupee
₺	Lira Turki
₼	Manat Azerbaijan
₽	rouble	mata wang
₾	Lari Georgia
₿	bitcoin	BTC
℗	hak cipta rakaman bunyi	bunyi	hak cipta	rakaman
™	tanda dagangan	tanda	tm
ℹ	sumber maklumat	I	maklumat
←	anak panah menunjuk ke kiri	anak panah	kiri
↑	anak panah menunjuk ke atas	anak panah	atas
→	anak panah menunjuk ke kanan	anak panah	kanan
↓	anak panah menunjuk ke bawah	anak panah	bawah
↔	anak panah ke kiri ke kanan	anak panah
↕	anak panah ke atas ke bawah	anak panah
↖	anak panah ke penjuru kiri atas	anak panah	anak panah ke atas ke kiri	antara kardinal	arah	barat laut
↗	anak panah penjuru atas kanan	anak panah	anak panah ke atas ke kanan	antara kardinal	arah	timur laut
↘	anak panah penjuru bawah kanan	anak panah	anak panah ke bawah ke kanan	antara kardinal	arah	tenggara
↙	anak panah ke penjuru kiri bawah	anak panah	anak panah ke bawah ke kiri	antara kardinal	arah	barat daya
↚	garis miring anak panah ke kiri
↛	garis miring anak panah ke kanan
↜	anak panah berombak-ombak ke kiri
↝	anak panah berombak-ombak ke kanan
↞	anak panah dwikepala ke kiri
↟	anak panah dwikepala ke atas
↠	anak panah dwikepala ke kanan
↡	anak panah dwikepala ke bawah
↢	anak panah berekor ke kiri
↣	anak panah berekor ke kanan
↤	anak panah ke kiri dari palang
↥	anak panah ke atas dari palang
↦	anak panah ke kanan dari palang
↧	anak panah ke bawah dari palang
↨	anak panah ke atas ke bawah berdasar
↩	anak panah ke kanan melengkung ke kiri	anak panah
↪	anak panah ke kiri melengkung ke kanan	anak panah
↫	anak panah ke kiri bergelung
↬	anak panah ke kanan bergelung
↭	anak panah kiri kanan berombak-ombak
↮	garis miring anak panah kiri kanan
↯	anak panah siku-sika ke bawah
↰	anak panah ke atas melencong ke kiri
↱	anak panah ke atas melencong ke kanan
↲	anak panah ke bawah melencong ke kiri
↳	anak panah ke bawah melencong ke kanan
↴	anak panah ke kanan menukar arah ke bawah
↵	anak panah ke bawah menukar arah ke kiri
↶	anak panah separuh bulatan atas arah lawan jam
↷	anak panah separuh bulatan atas arah ikut jam
↸	palang panjang anak panah barat laut
↹	palang anak panah ke kiri di atas palang anak panah ke kanan
↺	anak panah bulatan terbuka arah lawan jam
↻	anak panah bulatan terbuka arah ikut jam
↼	ruit serampang ke kiri menuding ke atas
↽	ruit serampang ke kiri menuding ke bawah
↾	ruit serampang ke atas menuding ke kanan
↿	ruit serampang ke atas menuding ke kiri
⇀	ruit serampang ke kanan menuding ke atas
⇁	ruit serampang ke kanan menuding ke bawah
⇂	ruit serampang ke bawah menuding ke kanan
⇃	ruit serampang ke bawah menuding ke kiri
⇄	anak panah ke kanan di atas palang anak panah ke kiri
⇅	anak panah tunjuk atas dan tunjuk bawah	anak panah	atas	bawah
⇆	anak panah tunjuk kiri di atas anak panah tunjuk kanan	anak panah	kanan	kiri
⇇	anak panah berpasangan ke kiri
⇈	anak panah berpasangan ke atas
⇉	anak panah berpasangan ke kanan
⇊	anak panah berpasangan ke bawah
⇋	serampang ke kiri di atas serampang ke kanan
⇌	serampang ke kanan di atas serampang ke kiri
⇍	garis miring anak panah berganda ke kiri
⇎	garis miring anak panah berganda kiri kanan
⇏	garis miring anak panah berganda ke kanan
⇐	anak panah berganda ke kiri
⇑	anak panah berganda ke atas
⇒	anak panah berganda ke kanan
⇓	anak panah berganda ke bawah
⇔	anak panah berganda kiri kanan
⇖	anak panah berganda barat laut
⇗	anak panah berganda timur laut
⇘	anak panah berganda tenggara
⇙	anak panah berganda barat daya
⇚	anak panah ganda tiga ke kiri
⇛	anak panah ganda tiga ke kanan
⇜	anak panah berpintal ke kiri
⇝	anak panah berpintal ke kanan
⇞	garis berganda anak panah ke atas
⇟	garis berganda anak panah ke bawah
⇠	anak panah garis berputus-putus ke kiri
⇡	anak panah garis berputus-putus ke atas
⇢	anak panah garis berputus-putus ke kanan
⇣	anak panah garis berputus-putus ke bawah
⇤	palang anak panah ke kiri
⇥	palang anak panah ke kanan
⇦	anak panah geronggang ke kiri
⇧	anak panah geronggang ke atas
⇨	anak panah geronggang ke kanan
⇩	anak panah geronggang ke bawah
⇪	anak panah geronggang ke atas dari palang
⇵	anak panah ke bawah ke kiri anak panah ke atas
∀	untuk semua	sebarang	semua	universal
∂	pembezaan separa	pembezaan
∃	wujud
∅	set kosong	matematik	operator set
∆	kenaikan	segi tiga
∇	nabla	segi tiga
∈	unsur	keahlian	mengandungi	set	unsur kepada
∉	bukan unsur	unsur
∋	mengandungi sebagai ahli	unsur
∎	penamat bukti
∏	hasil darab n-ner	hasil	logik
∑	hasil tambah n-ner	hasil tambah	matematik
−	tanda tolak	kurang	tolak
∓	tolak atau campur	tolak campur
∕	garis condong pembahagian	garis condong	garis miring	virgule
∗	operator asterisk	bintang
∘	operator gelanggang	komposisi	operator
∙	operator bulet	operator
√	punca kuasa dua	punca	radikal	radiks	sud
∝	berkadaran	berkadar
∞	simbol infiniti	infiniti
∟	sudut tegak	matematik
∠	sudut	tirus
∣	membahagi	pembahagi
∥	selari
∧	logik dan	baji
∩	persilangan	set
∪	kesatuan	kumpulan	set
∫	kamiran	kalkulus
∬	kamiran ganda dua	kalkulus
∮	kamiran kontur
∴	jadi	logik
∵	sebab	logik
∶	nisbah
∷	perkadaran
∼	operator tilde	operator
∽	tilde terbalik	tilde
∾	s malas songsang
≃	persamaan asimptot	asimptot	matematik
≅	persamaan lebih kurang	isomorfan	kesamaan	matematik	serba sama
≈	hampir sama dengan	anggaran	lebih kurang
≌	semua sama	kesamaan	matematik
≒	lebih kurang sama dengan imej
≖	gelanggang dalam tanda sama	kesamaan	matematik
≠	tidak sama dengan	ketaksamaan	tak samaan
≡	bersamaan dengan	bersamaan	sama	tiga kali ganda
≣	setara tegas	kesamaan	matematik
≤	kurang daripada atau sama dengan	ketaksamaan	kurang daripada	sama	sama dengan
≥	lebih besar daripada atau sama dengan	ketaksamaan	lebih besar daripada	sama	sama dengan
≦	tanda kurang daripada di atas tanda sama	ketaksamaan	matematik
≧	tanda lebih besar daripada di atas tanda sama	ketaksamaan	matematik
≪	jauh kurang daripada	ketaksamaan	matematik
≫	jauh lebih besar daripada	ketaksamaan	matematik
≬	di antara
≮	tidak kurang daripada	ketaksamaan	matematik
≯	tidak besar daripada	ketaksamaan	matematik
≳	lebih besar atau setara	ketaksamaan	matematik
≺	mendahului	matematik	operator set
≻	mengekori	matematik	operator set
⊁	tidak mengekori	matematik	operator set
⊂	subset	set	subset kepada
⊃	superset	matematik	operator set
⊆	subset atau sama dengan
⊇	superset atau sama dengan	kesamaan	matematik
⊕	tanda campur berbulat	tambah
⊖	tanda tolak berbulat	hakisan	perbezaan simetri
⊗	tanda darab berbulat	hasil	tensor
⊘	garis condong pembahagian berbulat
⊙	operator titik berbulat	XNOR	operator
⊚	operator gelanggang berbulat
⊛	operator asterisk berbulat
⊞	tanda campur di dalam persegi	matematik	seperti penambahan
⊟	tanda tolak di dalam persegi	matematik	seperti penolakan
⊥	paku tekan ke atas
⊮	tidak paksa
⊰	mendahului dengan hubungan	matematik	operator set
⊱	mengekori dengan hubungan	matematik	operator set
⊶	asal
⊹	matriks konjugat Hermitian	matematik
⊿	segi tiga sudut tegak	matematik	segi tiga bersudut tepat
⋁	logik atau n-ner
⋂	persilangan n-ner	matematik	operator set	persilangan
⋃	kesatuan n-ner	kesatuan	matematik	operator set
⋅	operator titik	operator
⋆	operator bintang	operator
⋈	cantuman asli	pengendali perduaan
⋒	persilangan ganda dua	matematik	operator set	persilangan
⋘	sangat jauh kurang daripada	ketaksamaan	matematik
⋙	sangat jauh lebih besar daripada	ketaksamaan	matematik
⋭	tanda sama tidak mengandungi sebagai subkumpulan normal	kumpulan teori	matematik
⋮	elipsis menegak	elipsis	matematik	menegak
⋯	elipsis lintang garis tengah	elipsis
⋰	elipsis pepenjuru atas kanan	elipsis	matematik
⋱	elipsis pepenjuru bawah kanan	elipsis	matematik
⌚	jam tangan	jam
⌛	jam pasir	pasir	pemasa
⌨	papan kekunci	komputer
⏏	butang keluarkan	keluarkan
⏩	butang mara laju	anak panah	berganda	maju	pantas
⏪	butang undur laju	anak panah	berganda	mandir
⏫	butang laju ke atas	anak panah	berganda
⏬	butang laju ke bawah	anak panah	berganda	ke bawah
⏭	butang trek berikutnya	adegan berikutnya	anak panah	segi tiga	trek berikutnya
⏮	butang runut terakhir	adegan	anak panah	butang	runut	sebelumnya	segi tiga	terakhir
⏯	butang main atau jeda	anak panah	jeda	kanan	main	segi tiga
⏰	jam loceng	jam	lambat	masa	menunggu	penggera
⏱	jam randik	jam
⏲	jam pemasa	jam	pemasa
⏳	jam pasir dengan pasir mengalir	jam pasir	pasir	pemasa
⏸	butang jeda	berganda	jeda	menegak	palang
⏹	butang henti	henti	persegi	segi empat sama
⏺	butang rakam	bulat	bulatan	butang	rakam	rekod
Ⓜ	huruf M dibulatkan	M	bulatan	dibulatkan
■	persegi berisi
□	persegi geronggang
▢	persegi geronggang dengan penjuru bulat
▣	persegi berisi di dalam persegi geronggang
▤	persegi dengan isian lintang
▥	persegi dengan isian menegak
▦	persegi dengan isian jejaring silang ortogon
▧	persegi dengan isian atas kiri dan bawah kanan
▨	persegi dengan isian atas kanan dan bawah kiri
▩	persegi dengan isian jejaring silang pepenjuru
▪	persegi kecil hitam	geometri	hitam	kecil	persegi	segi empat sama
▫	persegi kecil putih	geometri	kecil	persegi	putih	segi empat sama
▬	segi empat tepat berisi
▭	segi empat tepat geronggang
▮	segi empat tepat menegak berisi
▰	segi empat selari berisi
▲	segi tiga berisi menunjuk ke atas	anak panah	atas	berisi	segi tiga
△	segi tiga geronggang menuding ke atas
▴	segi tiga kecil berisi menuding ke atas
▵	segi tiga kecil geronggang menuding ke atas
▶	butang main	anak panah	kanan	main	segi tiga
▷	segi tiga geronggang menuding ke kanan
▸	segi tiga kecil berisi menuding ke kanan
▹	segi tiga kecil geronggang menuding ke kanan
►	penunjuk berisi menuding ke kanan
▻	penunjuk geronggang menuding ke kanan
▼	segi tiga berisi menunjuk ke bawah	anak panah	bawah	berisi	segi tiga
▽	segi tiga geronggang menuding ke bawah
▾	segi tiga kecil berisi menuding ke bawah
▿	segi tiga kecil geronggang menuding ke bawah
◀	butang undur	anak panah	kiri	segi tiga	undur
◁	segi tiga geronggang menuding ke kiri
◂	segi tiga kecil berisi menuding ke kiri
◃	segi tiga kecil geronggang menuding ke kiri
◄	penunjuk berisi menuding ke kiri
◅	penunjuk geronggang menuding ke kiri
◆	wajik berisi
◇	wajik geronggang
◈	wajik berisi di dalam wajik geronggang
◉	bulatan berisi di dalam bulatan geronggang
◊	wajik	daiman	rombus
○	bulatan kosong	bulatan	gelang
◌	bulatan berbintik
◍	bulatan dengan isian menegak
◎	bulatan sepusat
●	bulatan berisi	bulatan
◐	bulatan dengan bahagian kiri berisi
◑	bulatan dengan bahagian kanan berisi
◒	bulatan dengan bahagian bawah berisi
◓	bulatan dengan bahagian atas berisi
◔	bulatan dengan sukuan atas kanan berisi
◕	bulatan berisi kecuali sukuan atas kiri
◖	bulatan separuh bahagian kiri berisi
◗	bulatan separuh bahagian kanan berisi
◘	bulet songsang
◙	bulatan geronggang di dalam persegi berisi
◜	lengkuk sukuan bulat atas kiri
◝	lengkuk sukuan bulat atas kanan
◞	lengkuk sukuan bulat bawah kanan
◟	lengkuk sukuan bulat bawah kiri
◠	bulatan separuh bahagian atas
◡	bulatan separuh bahagian bawah
◢	segi tiga bawah kanan berisi
◣	segi tiga bawah kiri berisi
◤	segi tiga atas kiri berisi
◥	segi tiga atas kanan berisi
◦	bulet geronggang
◯	bulatan kosong besar	bulatan	gelang
◳	persegi geronggang dengan sukuan atas kanan
◷	bulatan geronggang dengan sukuan atas kanan
◻	persegi sederhana putih	geometri	persegi	putih	sederhana	segi empat sama
◼	persegi sederhana hitam	geometri	hitam	persegi	sederhana	segi empat sama
◽	persegi sederhana kecil putih	geometri	persegi	putih	sederhana kecil	segi empat sama
◾	persegi sederhana kecil hitam	geometri	hitam	persegi	sederhana kecil	segi empat sama
◿	segi tiga bawah kanan
☀	matahari	angkasa lepas	cahaya	cerah	cuaca	terang
☁	awan	cuaca
☂	payung	cuaca	hujan	pakaian
☃	orang-orang salji	cuaca	orang salji	salji	sejuk
☄	komet	angkasa lepas
☎	telefon	fon
☑	peti undi dengan tanda semak	kotak	peti undi dengan tanda rait	rait	semak	tanda semak	undi	✓
☔	payung dengan titisan hujan	cuaca	hujan	pakaian	payung	rintik
☕	minuman panas	berasap	kafe	kafeina	kopi	minum	minuman	panas	teh
☘	syamrok	tumbuhan
☝	jari telunjuk menunjuk ke atas	arah atas	atas	hala ke atas	jari	menunjuk	tangan	telunjuk	tunjuk
☠	tengkorak dan tulang bersilang	badan	kematian	muka	raksasa	tengkorak	tulang bersilang
☢	radioaktif	simbol
☣	biobahaya	simbol
☦	salib ortodoks	agama	kristian	salib
☪	bintang dan bulan sabit	agama	islam	muslim	orang islam	ramadan
☮	simbol keamanan	keamanan
☯	yin yang	agama	kehidupan	penganut tao	tao	yang	yin	yinyang
☸	roda dharma	Buddha	agama	dharma	roda
☹	muka berkerut	berkerut	muka	sedih
☺	muka tersenyum	garis luar	gembira	muka	santai	senyum
♀	simbol perempuan	wanita
♂	simbol lelaki	lelaki
♈	Aries	aries	horoskop	ram	zodiak
♉	Taurus	horoskop	lembu	lembu jantan	zodiak
♊	Gemini	horoskop	kembar	zodiak
♋	Cancer	horoskop	ketam	zodiak
♌	Leo	horoskop	singa	zodiak
♍	Virgo	horoskop	zodiak
♎	Libra	horoskop	keadilan	kira-kira	libra	neraca	penimbang	zodiak
♏	Scorpio	horoskop	kala jengking	scorpio	zodiak
♐	Sagittarius	horoskop	pemanah	zodiak
♑	Capricorn	horoskop	kambing	zodiak
♒	Aquarius	air	aquarius	horoskop	pembawa	zodiak
♓	Pisces	horoskop	ikan	zodiak
♟	bidak catur	boleh kembang	catur	memperdaya
♠	daun sped	daun	kad	permainan	sped
♣	daun kelawar	daun	kad	kelab	kelawar	permainan
♥	daun lekuk	daun	emosi	hati	kad	lekuk	permainan
♦	daun daiman	berlian	daiman	daun	kad	permainan
♨	mata air panas	berasap	berwap	mata air	panas	wap
♪	not perlapan	muzik	not	perlapan
♭	flet	bemolle	muzik	not
♯	syap	diese	diesis	muzik	not
♻	simbol kitar semula	kitar semula
♾	infiniti	sejagat	selama-lamanya	tidak terbatas
♿	kerusi roda	akses	cacat	simbol
⚒	tukul dan beliung	alat	beliung	tukul
⚓	sauh	alat	kapal
⚔	pedang bersilang	bersilang	pedang	senjata
⚕	simbol perubatan	perubatan	staf
⚖	neraca timbang	alat	berat	keadilan	libra	neraca	penimbang	zodiak
⚗	alembic	alat	kimia
⚙	gear	alat
⚛	simbol atom	ateis	atom
⚜	fleur-de-lis
⚠	amaran
⚡	voltan tinggi	bahaya	elektrik	kilat	kuasa elektrik	pantas	voltan	zap
⚧	simbol transgender	transgender
⚪	bulatan putih	bulatan	geometri
⚫	bulatan hitam	bulatan	geometri
⚰	keranda	kematian	pontianak
⚱	takar abu mayat	kematian	pengebumian	takar
⚽	bola sepak	bola	sukan
⚾	besbol	bola	sukan
⛄	orang-orang salji tanpa salji	lelaki	manusia salji	salji	sejuk
⛅	matahari di sebalik awan	awan	cuaca	matahari
⛈	awan dengan kilat dan hujan	awan	cuaca	guruh	hujan
⛎	Ophiuchus	pembawa ular	ular	zodiak
⛏	beliung	alat	perlombongan	tukul
⛑	topi keselamatan dengan palang putih	bantuan	helmet pekerja bantaun keselamatan	muka	palang	topi	topi keledar
⛓	rantai	rantaian
⛓‍💥	rantai terputus	gari	kebebasan	pisah	putus	rantai
⛔	dilarang masuk	bukan	dilarang	ditegah	lalu lintas	masuk	tidak	trafik
⛩	kuil shinto	agama	kuil	shinto
⛪	gereja	agama	bangunan	kristian	salib
⛰	gunung
⛱	payung di atas tanah	cuaca	hujan	matahari	payung
⛲	air pancut
⛳	bendera dalam lubang	golf	lubang
⛴	feri	bot	penumpang
⛵	perahu layar	berlayar	bot	kapal layar	kenderaan	laut	resort
⛷	pemain ski	salji	ski
⛸	sepatu luncur ais	ais	luncur
⛹	orang melantun bola	bola	bola keranjang	jaring	kejohanan	lantun	lontar	melantun	orang	pemain	perlawanan
⛹‍♀	wanita melantun bola	bola	bola keranjang	jaring	kejohanan	lantun	lontar	pemain	perempuan	perlawanan	wanita
⛹‍♂	lelaki melantun bola	bola	lelaki
⛺	khemah	perkhemahan
⛽	pam minyak	bahan api	gas	pam	pam bahan api	stesen
✂	gunting	alat	kertas	menggunting
✅	butang tanda rait	butang	rait	semak	tanda	tanda semak tebal putih	✓
✈	kapal terbang	jet	kenderaan	menerbang	perjalanan	terbang
✉	sampul surat	e-mel	emel	surat
✊	angkat penumbuk	badan	penumbuk	penumbuk terangkat	tangan	tergenggam	tumbuk
✋	angkat tangan	5	angkat	berhenti	lima	tangan	tinggi
✌	simbol kemenangan	aman	kejayaan	tangan	v
✍	tangan menulis	badan	tangan	tulis
✏	pensel
✒	mata pen hitam	mata pen	pen
✔	tanda rait	betul	rait	selesai	semak	sudah	tanda	tanda semak tebal	✓
✖	darab	batal	pendaraban	simbol	x
✝	salib latin	agama	kristian	salib
✡	bintang daud	Daud	Yahudi	agama	bintang
✨	berkilauan	ajaib	berkilau	bintang	magik
✳	asterisk berjejari lapan	*	asterisk
✴	bintang berpenjuru lapan	*	bintang
❄	emping salji	cuaca	salji	sejuk
❇	kilauan	*
❌	tanda pangkah	batal	darab	pendaraban	tanda	x	×
❎	butang tanda pangkah	darab	kotak pangkah	pangkah	pendaraban	segi empat sama	tanda	x	×
❓	tanda soal	?	soalan	tanda	tanda baca
❔	tanda soal putih	?	digaris	digariskan	soalan	tanda	tanda baca	tanda soalan putih
❕	tanda seru putih	digariskan	seru	tanda	tanda baca
❗	tanda seru merah	!	seru	tanda	tanda baca
❣	tanda seru hati	tanda	tanda baca	tanda seru
❤	hati merah	cinta	emosi	hati	merah
❤‍🔥	hati membara	cinta	hati	hati suci	hawa nafsu	membara	terbakar
❤‍🩹	hati sembuh	baik	lebih baik	lebih sihat	pulih	sembuh
➕	tambah	+	campur	matematik	simbol	tanda campur tebal
➖	tolak	-	matematik	simbol	tanda tolak tebal	−
➗	bahagi	matematik	simbol	tanda bahagi tebal	÷
➡	anak panah ke kanan	anak panah	arah	kardinal	timur
➰	gelung ikal	gelung	ikal
➿	gelung ikal berganda	berganda	gelung	ikal
⤴	anak panah ke kanan melengkung ke atas	anak panah
⤵	anak panah ke kanan melengkung ke bawah	anak panah	ke bawah
⨧	tanda campur dengan subskrip dua
⨯	hasil darab silang vektor
⨼	hasil darab pedalaman
⩣	palang bawah berganda logik atau
⩽	tanda sama condong kurang daripada
⪍	tanda kurang daripada di atas tanda serupa
⪚	tanda sama garis berganda lebih besar daripada	ketaksamaan	matematik
⪺	tanda mendahului di atas tanda sama bukan hampir
⬅	anak panah ke kiri	anak panah	arah	barat	kardinal
⬆	anak panah ke atas	anak panah	arah	kardinal	utara
⬇	anak panah ke bawah	anak panah	arah	kardinal	ke bawah	selatan
⬛	persegi besar hitam	besar	geometri	hitam	persegi	segi empat sama
⬜	persegi besar putih	besar	geometri	persegi	putih	segi empat sama
⭐	bintang sederhana putih	astronomi	bintang	putih	sederhana
⭕	lohong bulatan besar	besar	bulat	bulatan	lohong	merah	o	tebal
、	koma ideografik	ideografik	koma
。	noktah ideografik	ideografik	noktah	tanda henti
〈	tanda kurung sudut terbuka	kurung berlian	kurung chevron	kurung sudut	kurung tirus	rangkap
〉	tanda kurung sudut tertutup	chevron	kurung	kurung berlian	kurung sudut	kurung tirus	rangkap
《	kurung sudut berganda terbuka	kurung sudut berganda	kurungan
》	kurung sudut berganda tertutup	kurung sudut berganda	kurungan
「	kurung penjuru terbuka	tanda kurung	tanda kurung penjuru
」	kurung penjuru tertutup	kurung penjuru	kurungan
『	tanda kurung penjuru geronggang terbuka	kurung penjuru geronggang	kurungan
』	tanda kurung penjuru geronggang tertutup	kurung penjuru geronggang	kurungan
【	kurungan kanta hitam terbuka	kurung kanta	kurung kekanta	kurungan
】	kurung kanta hitam tertutup	kurung kanta	kurung kekanta	kurungan
〔	kurung siku kura-kura terbuka	dakap	kurung siku kura-kura	siku kura-kura
〕	kurung siku kura-kura tertutup	dakap	kurung siku kura-kura	siku kura-kura
〖	kurung kanta geronggang terbuka	kurung kanta geronggang	kurung kekanta geronggang	kurungan
〗	kurung kanta geronggang tertutup	kurung kanta geronggang	kurung kekanta geronggang	kurungan
〰	sengkang berombak-ombak	berombak-ombak	sengkang	tanda baca
〽	tanda penyelingan bahagian	bahagian	tanda
・	titik tengah katakana	katakana	titik	titik tengah
㊗	butang “tahniah” Jepun	Jepun	butang	ideograf	tahniah
㊙	butang “rahsia” Jepun	Jepun	butang	ideograf	rahsia
🀄	naga merah mahjung	mahjung	merah	permainan
🃏	joker	bermain	kad	permainan
🅰	butang A (jenis darah)	A	butang	darah	jenis
🅱	butang B (jenis darah)	B	butang	darah	jenis
🅾	butang O (jenis darah)	O	butang	darah	jenis
🅿	butang P	P	butang	tempat letak kenderaan
🆎	butang AB (jenis darah)	AB	butang	darah	jenis
🆑	butang CL	CL	butang
🆒	butang COOL	sejuk
🆓	butang FREE	PERCUMA	butang
🆔	butang ID	ID	butang	identiti
🆕	butang NEW	BAHARU	butang
🆖	butang NG	NG	butang
🆗	butang OK	OK	butang	okey
🆘	butang SOS	SOS	bantuan	butang
🆙	butang UP!	UP!	atas	butang	naik	tanda
🆚	butang VS	VS	butang	lawan	lwn.
🇦🇨	bendera: Pulau Ascension	bendera
🇦🇩	bendera: Andorra	bendera
🇦🇪	bendera: Emiriah Arab Bersatu	bendera
🇦🇫	bendera: Afghanistan	bendera
🇦🇬	bendera: Antigua dan Barbuda	bendera
🇦🇮	bendera: Anguilla	bendera
🇦🇱	bendera: Albania	bendera
🇦🇲	bendera: Armenia	bendera
🇦🇴	bendera: Angola	bendera
🇦🇶	bendera: Antartika	bendera
🇦🇷	bendera: Argentina	bendera
🇦🇸	bendera: Samoa Amerika	bendera
🇦🇹	bendera: Austria	bendera
🇦🇺	bendera: Australia	bendera
🇦🇼	bendera: Aruba	bendera
🇦🇽	bendera: Kepulauan Aland	bendera
🇦🇿	bendera: Azerbaijan	bendera
🇧🇦	bendera: Bosnia dan Herzegovina	bendera
🇧🇧	bendera: Barbados	bendera
🇧🇩	bendera: Bangladesh	bendera
🇧🇪	bendera: Belgium	bendera
🇧🇫	bendera: Burkina Faso	bendera
🇧🇬	bendera: Bulgaria	bendera
🇧🇭	bendera: Bahrain	bendera
🇧🇮	bendera: Burundi	bendera
🇧🇯	bendera: Benin	bendera
🇧🇱	bendera: St. Barthelemy	bendera
🇧🇲	bendera: Bermuda	bendera
🇧🇳	bendera: Brunei	bendera
🇧🇴	bendera: Bolivia	bendera
🇧🇶	bendera: Belanda Caribbean	bendera
🇧🇷	bendera: Brazil	bendera
🇧🇸	bendera: Bahamas	bendera
🇧🇹	bendera: Bhutan	bendera
🇧🇻	bendera: Pulau Bouvet	bendera
🇧🇼	bendera: Botswana	bendera
🇧🇾	bendera: Belarus	bendera
🇧🇿	bendera: Belize	bendera
🇨🇦	bendera: Kanada	bendera
🇨🇨	bendera: Kepulauan Cocos (Keeling)	bendera
🇨🇩	bendera: Congo - Kinshasa	bendera
🇨🇫	bendera: Republik Afrika Tengah	bendera
🇨🇬	bendera: Congo - Brazzaville	bendera
🇨🇭	bendera: Switzerland	bendera
🇨🇮	bendera: Cote d’Ivoire	bendera
🇨🇰	bendera: Kepulauan Cook	bendera
🇨🇱	bendera: Chile	bendera
🇨🇲	bendera: Cameroon	bendera
🇨🇳	bendera: China	bendera
🇨🇴	bendera: Colombia	bendera
🇨🇵	bendera: Pulau Clipperton	bendera
🇨🇶	bendera: Sark	bendera
🇨🇷	bendera: Costa Rica	bendera
🇨🇺	bendera: Cuba	bendera
🇨🇻	bendera: Cape Verde	bendera
🇨🇼	bendera: Curacao	bendera
🇨🇽	bendera: Pulau Krismas	bendera
🇨🇾	bendera: Cyprus	bendera
🇨🇿	bendera: Czechia	bendera
🇩🇪	bendera: Jerman	bendera
🇩🇬	bendera: Diego Garcia	bendera
🇩🇯	bendera: Djibouti	bendera
🇩🇰	bendera: Denmark	bendera
🇩🇲	bendera: Dominica	bendera
🇩🇴	bendera: Republik Dominica	bendera
🇩🇿	bendera: Algeria	bendera
🇪🇦	bendera: Ceuta dan Melilla	bendera
🇪🇨	bendera: Ecuador	bendera
🇪🇪	bendera: Estonia	bendera
🇪🇬	bendera: Mesir	bendera
🇪🇭	bendera: Sahara Barat	bendera
🇪🇷	bendera: Eritrea	bendera
🇪🇸	bendera: Sepanyol	bendera
🇪🇹	bendera: Ethiopia	bendera
🇪🇺	bendera: Kesatuan Eropah	bendera
🇫🇮	bendera: Finland	bendera
🇫🇯	bendera: Fiji	bendera
🇫🇰	bendera: Kepulauan Falkland	bendera
🇫🇲	bendera: Micronesia	bendera
🇫🇴	bendera: Kepulauan Faroe	bendera
🇫🇷	bendera: Perancis	bendera
🇬🇦	bendera: Gabon	bendera
🇬🇧	bendera: United Kingdom	bendera
🇬🇩	bendera: Grenada	bendera
🇬🇪	bendera: Georgia	bendera
🇬🇫	bendera: Guiana Perancis	bendera
🇬🇬	bendera: Guernsey	bendera
🇬🇭	bendera: Ghana	bendera
🇬🇮	bendera: Gibraltar	bendera
🇬🇱	bendera: Greenland	bendera
🇬🇲	bendera: Gambia	bendera
🇬🇳	bendera: Guinea	bendera
🇬🇵	bendera: Guadeloupe	bendera
🇬🇶	bendera: Guinea Khatulistiwa	bendera
🇬🇷	bendera: Greece	bendera
🇬🇸	bendera: Kepulauan Georgia Selatan & Sandwich Selatan	bendera
🇬🇹	bendera: Guatemala	bendera
🇬🇺	bendera: Guam	bendera
🇬🇼	bendera: Guinea Bissau	bendera
🇬🇾	bendera: Guyana	bendera
🇭🇰	bendera: Hong Kong SAR China	bendera
🇭🇲	bendera: Kepulauan Heard & McDonald	bendera
🇭🇳	bendera: Honduras	bendera
🇭🇷	bendera: Croatia	bendera
🇭🇹	bendera: Haiti	bendera
🇭🇺	bendera: Hungary	bendera
🇮🇨	bendera: Kepulauan Canary	bendera
🇮🇩	bendera: Indonesia	bendera
🇮🇪	bendera: Ireland	bendera
🇮🇱	bendera: Israel	bendera
🇮🇲	bendera: Isle of Man	bendera
🇮🇳	bendera: India	bendera
🇮🇴	bendera: Wilayah Lautan Hindi British	bendera
🇮🇶	bendera: Iraq	bendera
🇮🇷	bendera: Iran	bendera
🇮🇸	bendera: Iceland	bendera
🇮🇹	bendera: Itali	bendera
🇯🇪	bendera: Jersey	bendera
🇯🇲	bendera: Jamaica	bendera
🇯🇴	bendera: Jordan	bendera
🇯🇵	bendera: Jepun	bendera
🇰🇪	bendera: Kenya	bendera
🇰🇬	bendera: Kyrgyzstan	bendera
🇰🇭	bendera: Kemboja	bendera
🇰🇮	bendera: Kiribati	bendera
🇰🇲	bendera: Comoros	bendera
🇰🇳	bendera: Saint Kitts dan Nevis	bendera
🇰🇵	bendera: Korea Utara	bendera
🇰🇷	bendera: Korea Selatan	bendera
🇰🇼	bendera: Kuwait	bendera
🇰🇾	bendera: Kepulauan Cayman	bendera
🇰🇿	bendera: Kazakhstan	bendera
🇱🇦	bendera: Laos	bendera
🇱🇧	bendera: Lubnan	bendera
🇱🇨	bendera: Saint Lucia	bendera
🇱🇮	bendera: Liechtenstein	bendera
🇱🇰	bendera: Sri Lanka	bendera
🇱🇷	bendera: Liberia	bendera
🇱🇸	bendera: Lesotho	bendera
🇱🇹	bendera: Lithuania	bendera
🇱🇺	bendera: Luxembourg	bendera
🇱🇻	bendera: Latvia	bendera
🇱🇾	bendera: Libya	bendera
🇲🇦	bendera: Maghribi	bendera
🇲🇨	bendera: Monaco	bendera
🇲🇩	bendera: Moldova	bendera
🇲🇪	bendera: Montenegro	bendera
🇲🇫	bendera: Saint Martin	bendera
🇲🇬	bendera: Madagaskar	bendera
🇲🇭	bendera: Kepulauan Marshall	bendera
🇲🇰	bendera: Macedonia Utara	bendera
🇲🇱	bendera: Mali	bendera
🇲🇲	bendera: Myanmar (Burma)	bendera
🇲🇳	bendera: Mongolia	bendera
🇲🇴	bendera: Macau SAR China	bendera
🇲🇵	bendera: Kepulauan Mariana Utara	bendera
🇲🇶	bendera: Martinique	bendera
🇲🇷	bendera: Mauritania	bendera
🇲🇸	bendera: Montserrat	bendera
🇲🇹	bendera: Malta	bendera
🇲🇺	bendera: Mauritius	bendera
🇲🇻	bendera: Maldives	bendera
🇲🇼	bendera: Malawi	bendera
🇲🇽	bendera: Mexico	bendera
🇲🇾	bendera: Malaysia	bendera
🇲🇿	bendera: Mozambique	bendera
🇳🇦	bendera: Namibia	bendera
🇳🇨	bendera: New Caledonia	bendera
🇳🇪	bendera: Niger	bendera
🇳🇫	bendera: Pulau Norfolk	bendera
🇳🇬	bendera: Nigeria	bendera
🇳🇮	bendera: Nicaragua	bendera
🇳🇱	bendera: Belanda	bendera
🇳🇴	bendera: Norway	bendera
🇳🇵	bendera: Nepal	bendera
🇳🇷	bendera: Nauru	bendera
🇳🇺	bendera: Niue	bendera
🇳🇿	bendera: New Zealand	bendera
🇴🇲	bendera: Oman	bendera
🇵🇦	bendera: Panama	bendera
🇵🇪	bendera: Peru	bendera
🇵🇫	bendera: Polinesia Perancis	bendera
🇵🇬	bendera: Papua New Guinea	bendera
🇵🇭	bendera: Filipina	bendera
🇵🇰	bendera: Pakistan	bendera
🇵🇱	bendera: Poland	bendera
🇵🇲	bendera: Saint Pierre dan Miquelon	bendera
🇵🇳	bendera: Kepulauan Pitcairn	bendera
🇵🇷	bendera: Puerto Rico	bendera
🇵🇸	bendera: Wilayah Palestin	bendera
🇵🇹	bendera: Portugal	bendera
🇵🇼	bendera: Palau	bendera
🇵🇾	bendera: Paraguay	bendera
🇶🇦	bendera: Qatar	bendera
🇷🇪	bendera: Reunion	bendera
🇷🇴	bendera: Romania	bendera
🇷🇸	bendera: Serbia	bendera
🇷🇺	bendera: Rusia	bendera
🇷🇼	bendera: Rwanda	bendera
🇸🇦	bendera: Arab Saudi	bendera
🇸🇧	bendera: Kepulauan Solomon	bendera
🇸🇨	bendera: Seychelles	bendera
🇸🇩	bendera: Sudan	bendera
🇸🇪	bendera: Sweden	bendera
🇸🇬	bendera: Singapura	bendera
🇸🇭	bendera: Saint Helena	bendera
🇸🇮	bendera: Slovenia	bendera
🇸🇯	bendera: Svalbard dan Jan Mayen	bendera
🇸🇰	bendera: Slovakia	bendera
🇸🇱	bendera: Sierra Leone	bendera
🇸🇲	bendera: San Marino	bendera
🇸🇳	bendera: Senegal	bendera
🇸🇴	bendera: Somalia	bendera
🇸🇷	bendera: Surinam	bendera
🇸🇸	bendera: Sudan Selatan	bendera
🇸🇹	bendera: Sao Tome dan Principe	bendera
🇸🇻	bendera: El Salvador	bendera
🇸🇽	bendera: Sint Maarten	bendera
🇸🇾	bendera: Syria	bendera
🇸🇿	bendera: Eswatini	bendera
🇹🇦	bendera: Tristan da Cunha	bendera
🇹🇨	bendera: Kepulauan Turks dan Caicos	bendera
🇹🇩	bendera: Chad	bendera
🇹🇫	bendera: Wilayah Selatan Perancis	bendera
🇹🇬	bendera: Togo	bendera
🇹🇭	bendera: Thailand	bendera
🇹🇯	bendera: Tajikistan	bendera
🇹🇰	bendera: Tokelau	bendera
🇹🇱	bendera: Timor-Leste	bendera
🇹🇲	bendera: Turkmenistan	bendera
🇹🇳	bendera: Tunisia	bendera
🇹🇴	bendera: Tonga	bendera
🇹🇷	bendera: Turkiye	bendera
🇹🇹	bendera: Trinidad dan Tobago	bendera
🇹🇻	bendera: Tuvalu	bendera
🇹🇼	bendera: Taiwan	bendera
🇹🇿	bendera: Tanzania	bendera
🇺🇦	bendera: Ukraine	bendera
🇺🇬	bendera: Uganda	bendera
🇺🇲	bendera: Kepulauan Terpencil A.S.	bendera
🇺🇳	bendera: Bangsa-bangsa Bersatu	bendera
🇺🇸	bendera: Amerika Syarikat	bendera
🇺🇾	bendera: Uruguay	bendera
🇺🇿	bendera: Uzbekistan	bendera
🇻🇦	bendera: Kota Vatican	bendera
🇻🇨	bendera: Saint Vincent dan Grenadines	bendera
🇻🇪	bendera: Venezuela	bendera
🇻🇬	bendera: Kepulauan Virgin British	bendera
🇻🇮	bendera: Kepulauan Virgin A.S.	bendera
🇻🇳	bendera: Vietnam	bendera
🇻🇺	bendera: Vanuatu	bendera
🇼🇫	bendera: Wallis dan Futuna	bendera
🇼🇸	bendera: Samoa	bendera
🇽🇰	bendera: Kosovo	bendera
🇾🇪	bendera: Yaman	bendera
🇾🇹	bendera: Mayotte	bendera
🇿🇦	bendera: Afrika Selatan	bendera
🇿🇲	bendera: Zambia	bendera
🇿🇼	bendera: Zimbabwe	bendera
🈁	butang ‘di sini’ Jepun	Jepun	butang	di sini	katakana
🈂	butang ‘caj perkhidmatan’ Jepun	Jepun	butang	caj	katakana	perkhidmatan
🈚	butang “percuma” Jepun	Jepun	butang	caj	ideograf	percuma
🈯	butang “ditempah” Jepun	Jepun	butang	ditempah	ideograf
🈲	butang “dilarang” Jepun	Jepun	butang	dilarang	ideograf
🈳	butang “kerja kosong” Jepun	Jepun	butang	ideograf	kerja kosong
🈴	butang “gred lulus” Jepun	Jepun	butang	gred	ideograf	lulus
🈵	butang “tiada kekosongan” Jepun	butang	ideograf	jepun	kekosongan	tiada
🈶	butang “bukan percuma” Jepun	Jepun	bukan	butang	caj	ideograf	percuma
🈷	butang “amaun bulanan” Jepun	Jepun	bulanan	butang	ideograf	jumlah
🈸	butang “aplikasi” Jepun	Jepun	butang	ideograf	permohonan
🈹	butang “diskaun” Jepun	Jepun	butang	diskaun	ideograf
🈺	butang “dibuka untuk perniagaan” Jepun	butang	dibuka	ideograf	jepun	perniagaan
🉐	butang “murah” Jepun	Jepun	butang	ideograf	tawar menawar
🉑	butang “boleh diterima” Jepun	Jepun	boleh diterima	butang	ideograf
🌀	taufan	cuaca	pening	puting beliung
🌁	berkabus	cuaca	kabus
🌂	payung tertutup	cuaca	hujan	pakaian	payung
🌃	malam berbintang	bintang	cuaca	malam
🌄	matahari terbit di banjaran pergunungan	gunung	matahari terbit	pagi
🌅	matahari terbit	alam semula jadi	matahari	pagi
🌆	panorama kota waktu senja	bandar	bangunan	cuaca	landskap	matahari	matahari terbenam	petang	senja
🌇	matahari terbenam	bangunan	cuaca	matahari	senja
🌈	pelangi	alam semula jadi	cuaca	gay	genderqueer	glbt	glbtq	hujan	kebanggaan	lesbian	lgbt	lgbtq	lgbtqia	pelik	trans	transgender
🌉	jambatan pada waktu malam	cuaca	jambatan	malam
🌊	ombak laut	air	alam semula jadi	cuaca	laut	lautan	luncur air	ombak	pelayar	peluncur
🌋	gunung berapi	alam semula jadi	gunung	letusan	volkano
🌌	bima sakti	angkasa lepas	cuaca
🌍	peta glob Eropah-Afrika	afrika	bumi	dunia	eropah	glob
🌎	peta glob Amerika	amerika	bumi	dunia	glob
🌏	peta glob Asia-Australia	asia	australia	bumi	dunia	glob
🌐	glob dengan garisan meridian	Internet	bumi	dunia	glob	meridian
🌑	bulan baharu	anak bulan	angkasa lepas	bulan	bulan baru	gelap
🌒	bulan sabit membesar	angkasa lepas	bulan	bulan sabit	membesar	mimpi
🌓	bulan suku pertama	angkasa lepas	bulan	cuaca	suku
🌔	bulan hampir purnama mengambang	angkasa lepas	bulan	hampir purnama	membesar
🌕	bulan purnama	angkasa lepas	bulan	penuh	purnama
🌖	bulan hampir purnama memalap	angkasa lepas	bulan	cuaca	hampir purnama	memalap
🌗	bulan suku terakhir	angkasa lepas	bulan	cuaca	suku
🌘	bulan sabit memalap	angkasa lepas	bulan	bulan sabit	cuaca	memalap
🌙	bulan sabit	angkasa lepas	bulan	cuaca	puasa	ramadan
🌚	muka bulan baharu	angkasa lepas	bulan	cuaca	muka
🌛	muka bulan suku pertama	angkasa lepas	bulan	muka	pertama	suku
🌜	muka bulan suku terakhir	bulan	mimpi	muka	suku	terakhir
🌝	muka bulan purnama	bulan	muka	penuh	terang
🌞	matahari dengan muka	angkasa lepas	cuaca	matahari	muka	terang
🌟	bintang bersinar	bercahaya	berkilau	berkilauan	bersinar	bintang
🌠	tahi bintang	angkasa lepas	bintang	jatuh	malam
🌡	termometer	cuaca
🌤	matahari di sebalik awan kecil	awan	cuaca	matahari
🌥	matahari di sebalik awan besar	awan	cuaca	matahari
🌦	matahari di sebalik awan hujan	awan	cuaca	hujan	matahari
🌧	awan dengan hujan	awan	cuaca	hujan
🌨	awan dengan salji	awan	cuaca	salji	sejuk
🌩	awan dengan kilat	awan	cuaca	kilat
🌪	puting beliung	awan	cuaca
🌫	kabus	awan	cuaca
🌬	muka angin	angin	awan	cuaca	meniup	muka
🌭	hot dog	frankfurter	sosej
🌮	tako	mexico
🌯	burito	mexico
🌰	buah berangan	buah badam	tanaman
🌱	anak benih	muda	tumbuh	tumbuhan	tunas
🌲	malar hijau	hutan	krismas	natal	pain	pokok	tumbuhan
🌳	pokok daun luruh	daun luruh	gugur	habitat	hijau	hutan	kebun	pokok
🌴	pokok palma	palma	pokok	tropikal	tumbuhan
🌵	kaktus	alam	gurun	kemarau	padang pasir	tumbuhan
🌶	cili api	lada	pedas
🌷	bunga tulip	bunga	pertumbuhan	tulip	tumbuhan
🌸	bunga sakura	bunga	mekar	sakura	tumbuhan
🌹	bunga mawar	bunga	merah	tumbuhan	valentine
🌺	bunga raya	bunga	tumbuhan
🌻	bunga matahari	bunga	matahari	tumbuhan
🌼	bunga mekar	bunga	dandelion	kuning muda	mekar	tumbuhan
🌽	tongkol jagung	jagung	ladang	setongkol	tanaman
🌾	seberkas padi	beras	bijian	padi	telinga	tumbuhan
🌿	herba	daun	tumbuhan
🍀	daun bunga cengkih	4	bunga cengkih	daun	empat	klover	nasib baik	semanggi	tumbuhan
🍁	daun mapel	daun	luruh	mapel
🍂	daun luruh	daun	luruh	tumbuhan
🍃	daun melayang ditiup angin	angin	daun	ditiup	kibar	melayang	tiup	tumbuhan
🍄	cendawan	fungus	kulat
🍄‍🟫	cendawan perang	alam semula jadi	fungus	makanan	sayur
🍅	tomato	buah-buahan	makanan	sayur-sayuran
🍆	terung	sayur-sayuran
🍇	anggur	buah anggur	buah-buahan
🍈	tembikai susu	buah-buahan
🍉	tembikai	buah-buahan
🍊	limau tangerin	buah-buahan	oren	vitamin c
🍋	lemon	buah-buahan	limau	masam	sitrus
🍋‍🟩	limau nipis	buah	masam	sitrus	tropikal
🍌	pisang	buah-buahan	potasium
🍍	nanas	buah-buahan	pina colada	tropik
🍎	epal merah	buah masak	buah-buahan	diet	epal	merah
🍏	epal hijau	buah-buahan	epal	hijau
🍐	buah pear	buah-buahan
🍑	buah pic	buah-buahan
🍒	buah ceri	buah-buahan	ceri
🍓	buah strawberi	beri	buah-buahan
🍔	hamburger	burger	lapar	makan	makanan segera
🍕	piza	keju	keping	lapar	makanan	peperoni	potongan
🍖	daging salut tulang	daging	tulang
🍗	paha ayam	ayam	ayam/itik	kaki	tulang
🍘	keropok beras	beras	keropok	makanan
🍙	bebola nasi	beras	bola	jepun	makanan
🍚	nasi masak	makanan	masak	nasi
🍛	nasi kari	kari	nasi
🍜	mangkuk kukus	berasap	makanan	mangkuk	mi	penyepit	ramen
🍝	spageti	bebola daging	itali	pasta	restoran
🍞	roti	gandum	karbohidrat	makanan	restoran	sebuku
🍟	kentang goreng	perancis
🍠	ubi keledek bakar	kentang	makanan	manis	panggang
🍡	dango	jepun	kayu	manis	pencuci mulut	sate
🍢	oden	kebab	lidi	makanan	makanan laut	pencucuk	restoran
🍣	susyi	makanan	sushi
🍤	udang goreng	goreng	tempura	udang
🍥	kek ikan dengan corak pusar	ikan	kek	pastri	pusaran
🍦	ais krim lembut	ais	krim	lembut	makanan	manis	pencuci mulut	restoran
🍧	air batu campur	ais	kisar	manis	pencuci mulut	restoran
🍨	ais krim	ais	krim	makanan	manis	pencuci mulut	restoran
🍩	donat	makanan	manis	pencuci mulut
🍪	biskut	cip coklat	manis	pencuci mulut
🍫	sekeping coklat	bar	coklat	manis	pencuci mulut
🍬	gula-gula	manis	pencuci mulut	restoran
🍭	lolipop	gula-gula	makanan	manis	pencuci mulut	restoran
🍮	kastard	manis	pencuci mulut	puding
🍯	periuk madu	beruang	madu	manis	periuk
🍰	sepotong kek	hirisan	kek	kek rapuh	keping	manis	manisan	pastri	pemanis mulut	pencuci mulut
🍱	kotak bento	bento	kotak	makanan
🍲	seperiuk makanan	makanan	panas	periuk	stew
🍳	memasak	kuali	menggoreng	telur
🍴	garpu dan pisau	garpu	makan	makan malam	makan pagi	makan tengah hari	masak	pisau	restoran	sarapan	sedap
🍵	cawan teh tanpa tangkai	cawan	minum	minuman	teh
🍶	sake	bar	botol	cawan	minum	minuman	restoran
🍷	gelas wain	arak	bar	gelas	minum	minuman	minuman keras	restoran	wain
🍸	gelas koktel	arak	bar	gelas	kelab	kelab malam	koktel	minum	minuman	minuman keras
🍹	minuman tropika	arak	bar	kelab	koktel	minum	parti	tropika
🍺	kole bir	bar	bir	kole	minum
🍻	kole bir berdenting	bar	berdenting	bir	kole	minum
🍼	botol susu	bayi	botol	lahir	minum	susu
🍽	garpu dan pisau dengan pinggan	garpu	makan	makan malam	memasak	pinggan	pisau
🍾	botol dengan penutup gabus terbuka	bar	botol	gabus	meletus	minum
🍿	bertih jagung	filem
🎀	reben	perayaan
🎁	bungkusan hadiah	berbungkus	bungkusan	cenderahati	hadiah	hari jadi	hari lahir	kotak	krismas	perayaan	reben
🎂	kek hari jadi	hari jadi	kek	keraian	manis	manisan	pastri	pemanis mulut	pencuci mulut	perayaan	sambutan
🎃	tanglung labu	halloween	jack	perayaan	tanglung
🎄	pokok krismas	krismas	perayaan	pokok
🎅	santa klaus	bapa	cerita dongeng	fantasi	krismas	perayaan	santa
🎆	bunga api	hiburan	mercun	perayaan
🎇	mercun	berkilau	bunga api	perayaan
🎈	belon	hari jadi	perayaan
🎉	pencetus bunyi parti	parti	pencetus bunyi	perayaan	tada	teruja	woohoo
🎊	bebola konfeti	bola	konfeti	perayaan
🎋	pokok tanabata	jepun	perayaan	pokok	sepanduk
🎌	bendera bersilang	Jepun	bersilang	perayaan	silang
🎍	hiasan pain	Jepun	bambu	buluh	pain	perayaan	tumbuhan
🎎	anak patung Jepun	anak patung	jepun	perayaan	pesta
🎏	panji-panji kap	kap	panji-panji	perayaan
🎐	peranggu loceng angin	angin	loceng	peranggu	perayaan
🎑	upacara bulan	bulan	perayaan	upacara
🎒	beg galas sekolah	beg	beg galas	pendidikan	sekolah
🎓	topi konvokesyen	kep	pakaian	perayaan	rai	tamat pengajian	topi
🎖	pingat tentera	medal	perayaan	pingat	tentera
🎗	reben peringatan	perayaan	peringatan	reben
🎙	mikrofon studio	mikrofon	muzik	studio
🎚	pelungsur aras	aras	muzik	pelungsur
🎛	tombol kawalan	kawalan	muzik	tombol
🎞	bingkai filem	bingkai	filem	pawagam	wayang
🎟	tiket masuk	masuk	tiket
🎠	kuda karusel	hiburan	karusel	kuda
🎡	roda ferris	ferris	roda	taman hiburan
🎢	roller coaster	coaster	roller	taman hiburan
🎣	joran mengail	batang kail	hiburan	ikan	kail	sukan
🎤	mikrofon	bunyi	karaoke	mike	muzik	nyanyi
🎥	kamera filem	bollywood	filem	hollywood	kamera	pawagam	rakaman	wayang
🎦	panggung	filem	kamera	wayang
🎧	fon kepala	bunyi	fon telinga
🎨	palet artis	hiburan	lukisan	muzium	palet	seni	warna-warni
🎩	topi tinggi	pakaian	tinggi	topi
🎪	khemah sarkas	khemah	sarkas
🎫	tiket	masuk
🎬	papan pengetap	aksi	filem	pengetap
🎭	seni persembahan	hiburan	panggung	pelakon	persembahan	seni	teater	topeng
🎮	permainan video	alat kawalan	hiburan	permainan	playstation	ps
🎯	balingan tepat	baling damak	dart	hiburan	kena	permainan	pusat sasaran	sasaran	tepat
🎰	mesin judi	judi	kasino	permainan	slot
🎱	biliard	8	bola	lapan	permainan
🎲	dadu permainan	dadu	dadu-dadu	hiburan	permainan
🎳	boling	bola	permainan	sukan
🎴	terup bunga	Jepun	bermain	bunga	kad	permainan
🎵	nota muzik	bunyi	muzik	muzikal	not
🎶	nota-nota muzik	muzik	muzikal	not	not-not
🎷	saksofon	alat	muzik	saks
🎸	gitar	alat	muzik
🎹	keyboard muzik	alat	instrumen	keyboard	muzik	papan nada	papan nada muzik	piano
🎺	trompet	alat	muzik
🎻	biola	alat	muzik
🎼	skor muzik	muzik	muzikal	not	skor
🎽	baju larian	baju	berlari	selemang
🎾	tenis	bola	raket	sukan
🎿	ski	salji	sukan
🏀	bola keranjang	bola	jaring	sukan
🏁	bendera pelepas	bercorak dam	berpetak	lumba	petak-petak
🏂	peluncur papan salji	papan luncur salji	salji	ski
🏃	pelari	berlari	cepat	kelajuan	lari	lumba	maraton	pantas	perlumbaan
🏃‍♀	perempuan berlari	berlari	berlumba	maraton	perempuan	wanita
🏃‍♀‍➡	perempuan berlari: menghadap kanan	berlari	berlumba	kanan	maraton	menghadap	perempuan	wanita
🏃‍♂	lelaki berlari	berlari	berlumba	lelaki	maraton
🏃‍♂‍➡	lelaki berlari: menghadap kanan	berlari	berlumba	kanan	lelaki	maraton	menghadap
🏃‍➡	pelari: menghadap kanan	berlari	cepat	kanan	kelajuan	lari	lumba	maraton	menghadap	pantas	pelari	perlumbaan
🏄	peluncur air	lautan	meluncur	mengimbang badan	ombak	orang	pantai	sukan
🏄‍♀	wanita meluncur air	lautan	meluncur	mengimbang badan	ombak	orang	pantai	peluncur air	perempuan	sukan	wanita
🏄‍♂	lelaki meluncur air	lelaki	meluncur air
🏅	pingat sukan	emas	juara	medal sukan	pingat
🏆	piala	hadiah	juara	memenang	menang
🏇	lumba kuda	joki	kuda	lumba	menunggang	perlumbaan	sukan
🏈	bola sepak amerika	amerika	bola	bola sepak
🏉	bola sepak ragbi	bola	bola sepak	ragbi
🏊	perenang	berenang	orang	sukan	sukan air	triatlon
🏊‍♀	wanita berenang	berenang	perempuan	wanita
🏊‍♂	lelaki berenang	berenang	lelaki
🏋	ahli angkat berat	berat	bina badan	pengangkat	senaman
🏋‍♀	wanita mengangkat berat	berat	pengangkat berat	perempuan	senaman	wanita
🏋‍♂	lelaki mengangkat berat	lelaki	pengangkat berat
🏌	pemain golf	PGA	birdi	bola	golf	hijau	sukan
🏌‍♀	wanita bermain golf	golf	perempuan	wanita
🏌‍♂	lelaki bermain golf	golf	lelaki
🏍	motosikal	lumba
🏎	kereta lumba	kereta	lumba
🏏	kriket	bola	pemukul	permainan
🏐	bola tampar	bola	permainan
🏑	hoki padang	bola	hoki	kayu	padang	permainan
🏒	hoki ais	ais	hoki	kayu	kayu dan pak hoki ais	pak	permainan
🏓	ping pong	bola	padel	pemukul	permainan
🏔	gunung dengan puncak bersalji	gunung	salji	sejuk
🏕	berkhemah
🏖	pantai dengan payung	pantai	payung
🏗	pembinaan bangunan	bangunan	kren	pembangunan	pembinaan
🏘	bangunan perumahan	bangunan	rumah
🏙	panorama kota	bandar	bangunan	cuaca
🏚	rumah terbiar	bangunan	rumah	terbiar
🏛	bangunan klasik	bangunan	klasik
🏜	padang pasir	gurun
🏝	pulau padang pasir	gurun	padang pasir	pulau
🏞	taman negara	taman
🏟	stadium
🏠	rumah	bangunan	kediaman	ladang	negara	subbandar
🏡	rumah dengan taman	bangunan	kediaman	rumah	taman	tempat kediaman
🏢	bangunan pejabat	bandar	bangunan	kerja	pejabat
🏣	Pejabat pos Jepun	bangunan	jepun	pejabat pos jepun	pos
🏤	pejabat pos	bangunan	eropah	pos
🏥	hospital	bangunan	doktor	perubatan
🏦	bank	bangunan
🏧	tanda ATM	atm	automatik	bank	juruwang
🏨	hotel	bangunan
🏩	hotel cinta	bangunan	cinta	hotel	hotel kasih
🏪	kedai serbaneka	24	24 jam	bangunan	gedung	kedai	kedai runcit	serbaneka	stor
🏫	sekolah	bangunan
🏬	gedung serbaneka	bangunan	gedung	serbaneka
🏭	kilang	bangunan
🏮	tanglung kertas merah	bar	cahaya	jepun	merah	restoran	tanglung
🏯	istana Jepun	bangunan	istana	jepun
🏰	istana	bangunan	eropah
🏳	bendera putih	bendera	berkibar	putih
🏳‍⚧	bendera biru,merah jambu, dan putih	bendera	bendera biru	biru muda	dan putih	merah jambu	putih	transgender
🏳‍🌈	bendera pelangi	bendera	pelangi
🏴	bendera hitam	bendera	berkibar	hitam
🏴‍☠	bendera lanun	Jolly Roger	harta karun	lanun	rampasan
🏴󠁧󠁢󠁥󠁮󠁧󠁿	bendera: England	bendera
🏴󠁧󠁢󠁳󠁣󠁴󠁿	bendera: Scotland	bendera
🏴󠁧󠁢󠁷󠁬󠁳󠁿	bendera: Wales	bendera
🏵	roset	tumbuhan
🏷	label
🏸	badminton	birdie	bulu tangkis	permainan	raket
🏹	panah dan busur	Sagittarius	alat	busar	panah	pemanah	sagittarius	senjata	zodiak
🏺	amfora	Aquarius	alat	kendi	masak	minum	senjata	tembikar	zodiak
🐀	tikus	haiwan
🐁	Mencit	haiwan	mencit	tetikus	tikus
🐂	lembu jantan	haiwan	ladang	lembu	taurus	zodiak
🐃	kerbau	air	haiwan	zoo
🐄	lembu	haiwan	ladang	moo	susu
🐅	harimau	besar	haiwan	kucing	pemangsa	zoo
🐆	harimau bintang	besar	haiwan	kucing	pemangsa	zoo
🐇	arnab	haiwan	haiwan peliharaan
🐈	kucing	anak kucing	haiwan	haiwan peliharaan
🐈‍⬛	kucing hitam	haiwan	hitam	kucing	miau	nasib malang
🐉	naga	cerita dongeng	cina	haiwan
🐊	buaya	haiwan	zoo
🐋	ikan paus	haiwan	laut	pantai
🐌	siput	alam	binatang	haiwan	taman
🐍	ular	belit	haiwan	ophiuchus	zodiak
🐎	kuda	haiwan	ladang	lumba	tunggang kuda
🐏	biri-biri jantan	aries	binatang	biri-biri	haiwan	zodiak
🐐	kambing	binatang	capricorn	haiwan	zodiak
🐑	biri-biri betina	binatang	biri-biri	biri-biri betina dewasa	bulu	haiwan	ladang
🐒	monyet	haiwan	pisang
🐓	ayam jantan	ayam	burung	haiwan	jantan	ornitologi
🐔	ayam	burung	haiwan	ornitologi
🐕	anjing	haiwan	haiwan peliharaan
🐕‍🦺	anjing khidmat	anjing	bantuan	haiwan	kebolehcapaian	perkhidmatan
🐖	khinzir	haiwan	khinzir betina	ladang
🐗	babi hutan	haiwan	khinzir
🐘	gajah	haiwan
🐙	sotong kurita	haiwan	laut	sotong
🐚	kulit kerang berpilin	berpilin	binatang	haiwan	kulit kerang
🐛	ulat	binatang	haiwan	pepijat	serangga
🐜	semut	haiwan	serangga	taman
🐝	lebah madu	alam semula jadi	haiwan	lebah	madu	serangga
🐞	kumbang kura-kura	alam semula jadi	kumbang	serangga	taman
🐟	ikan	haiwan	makan malam	pisces	zodiak
🐠	ikan tropika	haiwan	ikan	tropika
🐡	ikan buntal	haiwan	ikan
🐢	penyu	binatang	haiwan	kura-kura
🐣	anak ayam menetas	anak	ayam	burung	haiwan	menetas	telur
🐤	anak ayam	anak	ayam	burung	haiwan	ornitologi
🐥	anak ayam menghadap depan	anak	ayam	baru lahir	burung	haiwan	menghadap depan	ornitologi
🐦	burung	binatang	haiwan
🐦‍⬛	burung hitam	burung	burung gagak	burung kecil	burung raven	haiwan	hitam
🐦‍🔥	burung phoenix	burung api	burung berapi	fantasi	lahir semula	penjelmaan semula
🐧	penguin	antartica	binatang	haiwan
🐨	koala	australia	beruang	haiwan	marsupial	muka
🐩	anjing poodle	anjing	gebu	haiwan	poodle
🐪	unta	binatang	bonggol	haiwan	unta arab
🐫	unta bonggol dua	bactria	binatang	bonggol	haiwan	unta
🐬	ikan lumba-lumba	binatang	haiwan	pantai	sirip
🐭	muka tikus	haiwan	mencit	muka	tetikus	tikus
🐮	muka lembu	haiwan	ladang	lembu	moo	muka	susu
🐯	muka harimau	besar	haiwan	harimau	kucing	muka	pemangsa
🐰	muka arnab	arnab	haiwan	haiwan peliharaan	muka
🐱	muka kucing	anak kucing	haiwan	haiwan peliharaan	kucing	muka
🐲	muka naga	binatang	cerita dongeng	haiwan	muka	naga
🐳	ikan paus memancutkan air	air	haiwan	ikan paus	laut	memancut	muka	pantai
🐴	muka kuda	haiwan	kuda	ladang	muka	pakaian
🐵	muka monyet	haiwan	monyet	muka	pisang
🐶	muka anjing	anak anjing	anjing	comel	haiwan	haiwan peliharaan
🐷	muka khinzir	haiwan	khinzir	ladang	muka
🐸	katak	haiwan	muka
🐹	hamster	haiwan	haiwan peliharaan	muka
🐺	serigala	haiwan	muka
🐻	beruang	beruang perang	haiwan	madu	muka
🐻‍❄	beruang kutub	artik	beruang	putih
🐼	panda	bambu	buluh	china	haiwan	muka
🐽	hidung khinzir	bau	hidung	khinzir	ladang	muka	muncung
🐾	tapak kaki haiwan	jejak	kaki
🐿	tupai tanah
👀	sepasang mata	badan	intai	lihat	mata	melihat	muka
👁	mata	1 mata	badan	satu mata
👁‍🗨	mata dalam gelembung pertuturan	gelembung pertuturan	mata	saksi
👂	telinga	badan	bunyi	dengar	mendengar
👃	hidung	badan	bau	berbau
👄	mulut	badan	bercium	bibir	cium	gincu
👅	lidah	badan	jilat
👆	jari telunjuk tunjuk hala ke atas	arah atas	atas	belakang tangan	hala ke atas	jari	tangan	telunjuk	tunjuk
👇	jari telunjuk belakang tangan tuding ke bawah	arah bawah	bawah	belakang tangan	hala ke bawah	jari	tangan	telunjuk	tuding ke bawah	tunjuk
👈	jari telunjuk tunjuk kiri	arah kiri	belakang tangan	jari	kiri	tangan	telunjuk	tunjuk
👉	jari telunjuk tunjuk kanan	arah kanan	belakang tangan	jari	kanan	tangan	telunjuk	tunjuk
👊	penumbuk dari depan	badan	penumbuk	penumbuk dari arah depan	tangan	tergenggam	tumbuk
👋	lambai tangan	apa khabar	helo	jumpa lagi	lambai	melambai	selamat tinggal	tangan
👌	simbol OK	faham	ok	okey	simbol ok	simbol okey	tangan	tiada masalah
👍	simbol bagus	+1	atas	badan	bagus	hebat	ibu jari	sedap	suka	tangan
👎	simbol tidak bagus	-1	badan	bawah	ibu jari	tangan	tidak bagus
👏	bertepuk tangan	badan	bagus	berdoa	hebat	tahniah	tangan	tepuk
👐	tangan terbuka	peluk	tangan	terbuka
👑	mahkota	menang	pakaian	permaisuri	raja
👒	topi wanita	pakaian	topi	wanita
👓	cermin mata	kaca mata	mata	pakaian
👔	tali leher	baju	bekerja	pakaian	serius
👕	kemeja-t	kemeja	pakaian
👖	seluar jean	berpakaian	biru	denim	hujung minggu	membeli-belah	pakaian	santai	seluar	seluar jeans
👗	gaun	baju	membeli-belah	pakaian
👘	kimono	pakaian	selesa
👙	bikini	kolam renang	pakaian	pakaian mandi	pantai	renang
👚	pakaian wanita	baju	blaus	membeli-belah	pakaian	wanita
👛	dompet	beg tangan	duit syiling	pakaian
👜	beg tangan	beg	dompet	membeli-belah	pakaian	wanita
👝	pau	beg	beg tangan	dompet	pakaian
👞	kasut lelaki	beli-belah	kaki	kasut	lelaki	pakaian	perang	tendang
👟	kasut lari	kasut	olahraga	pakaian	sneaker
👠	kasut tumit tinggi	kasut	pakaian	tumit	wanita
👡	sandal wanita	kasut	pakaian	sandal	wanita
👢	but wanita	but	kasut	membeli-belah	pakaian	wanita
👣	jejak kaki	badan	cetak	jalan	jejak	pakaian
👤	bayang dada	bayang	dada
👥	bayang beberapa dada	bayang	dada
👦	kanak-kanak lelaki	anak	cucu	kanak-kanak	lelaki	muda
👧	budak perempuan	anak	cucu	kanak-kanak	kecil	muda	perempuan	virgo	zodiak
👨	lelaki	dewasa	kawan	teman
👨‍⚕	pekerja kesihatan lelaki	ahli terapi	doktor	jururawat	lelaki	penjagaan kesihatan
👨‍⚖	hakim lelaki	hakim	keadilan	lelaki	neraca
👨‍✈	juruterbang lelaki	juruterbang	kapal terbang	lelaki
👨‍❤‍👨	pasangan dengan simbol hati: lelaki dan lelaki	Valentine	bersama	cinta	cium	hati	kekasih	lelaki	pasangan	pasangan dengan simbol hati	percintaan	ulang tahun
👨‍❤‍💋‍👨	cium: lelaki dan lelaki	Valentine	cinta	cium	kekasih	lelaki	pasangan	percintaan	sayang	ulang tahun
👨‍🌾	petani lelaki	lelaki	pekebun	peladang ternak	petani
👨‍🍳	tukang masak lelaki	cef	lelaki	tukang masak
👨‍🍼	lelaki menyusui bayi	ayah	bayi	bayi baru lahir	lelaki	memberikan susu	menyusui	pengasuh
👨‍🎓	pelajar lelaki	graduan	lelaki	pelajar
👨‍🎤	penyanyi lelaki	bintang	lelaki	pelakon	penghibur	penyanyi	rock
👨‍🎨	pelukis lelaki	artis	lelaki	palet
👨‍🏫	guru lelaki	guru	lelaki	pengajar	profesor
👨‍🏭	pekerja kilang lelaki	industri	kilang	lelaki	pekerja	pekerjaan	pemasangan
👨‍👦	keluarga: lelaki dan kanak-kanak lelaki	bapa	ibu	kanak-kanak	keluarga	lelaki
👨‍👦‍👦	keluarga: lelaki, kanak-kanak lelaki dan kanak-kanak lelaki	bapa	ibu	kanak-kanak	keluarga	lelaki
👨‍👧	keluarga: lelaki dan budak perempuan	bapa	budak perempuan	ibu	kanak-kanak	keluarga	lelaki
👨‍👧‍👦	keluarga: lelaki, budak perempuan dan kanak-kanak lelaki	bapa	budak perempuan	ibu	kanak-kanak	keluarga	lelaki
👨‍👧‍👧	keluarga: lelaki, budak perempuan dan budak perempuan	bapa	budak perempuan	ibu	kanak-kanak	keluarga	lelaki
👨‍👨‍👦	keluarga: lelaki, lelaki dan kanak-kanak lelaki	bapa	ibu	kanak-kanak	keluarga	lelaki
👨‍👨‍👦‍👦	keluarga: lelaki, lelaki, kanak-kanak lelaki dan kanak-kanak lelaki	bapa	ibu	kanak-kanak	keluarga	lelaki
👨‍👨‍👧	keluarga: lelaki, lelaki dan budak perempuan	bapa	budak perempuan	ibu	kanak-kanak	keluarga	lelaki
👨‍👨‍👧‍👦	keluarga: lelaki, lelaki, budak perempuan dan kanak-kanak lelaki	bapa	budak perempuan	ibu	kanak-kanak	keluarga	lelaki
👨‍👨‍👧‍👧	keluarga: lelaki, lelaki, budak perempuan dan budak perempuan	bapa	budak perempuan	ibu	kanak-kanak	keluarga	lelaki
👨‍👩‍👦	keluarga: lelaki, perempuan dan kanak-kanak lelaki	bapa	ibu	kanak-kanak	keluarga	lelaki	perempuan
👨‍👩‍👦‍👦	keluarga: lelaki, perempuan, kanak-kanak lelaki dan kanak-kanak lelaki	bapa	ibu	kanak-kanak	keluarga	lelaki	perempuan
👨‍👩‍👧	keluarga: lelaki, perempuan dan budak perempuan	bapa	budak perempuan	ibu	kanak-kanak	keluarga	lelaki	perempuan
👨‍👩‍👧‍👦	keluarga: lelaki, perempuan, budak perempuan dan kanak-kanak lelaki	bapa	budak perempuan	ibu	kanak-kanak	keluarga	lelaki	perempuan
👨‍👩‍👧‍👧	keluarga: lelaki, perempuan, budak perempuan dan budak perempuan	bapa	budak perempuan	ibu	kanak-kanak	keluarga	lelaki	perempuan
👨‍💻	ahli teknologi lelaki	ahli teknologi	lelaki	pembangun	pencipta	pengekod	perisian
👨‍💼	pekerja pejabat lelaki	arkitek	kolar putih	lelaki	pejabat	pengurus	perniagaan
👨‍🔧	mekanik lelaki	juruelektrik	lelaki	mekanik	tukang	tukang paip
👨‍🔬	saintis lelaki	ahli biologi	ahli fizik	ahli kimia	ahli matematik	jurutera	lelaki	saintis
👨‍🚀	angkasawan lelaki	angkasa	angkasawan	lelaki	roket
👨‍🚒	ahli bomba lelaki	ahli bomba	lelaki	trak bomba
👨‍🦯	lelaki dengan tongkat putih	buta	cacat penglihatan	kebolehcapaian	kelainan upaya	putih	tongkat
👨‍🦯‍➡	lelaki dengan tongkat putih: menghadap kanan	buta	cacat penglihatan	kanan	kebolehcapaian	kelainan upaya	menghadap	putih	tongkat
👨‍🦰	lelaki: rambut merah	dewasa	kawan	lelaki	rambut merah	teman
👨‍🦱	lelaki: rambut kerinting	dewasa	kawan	lelaki	rambut kerinting	teman
👨‍🦲	lelaki: botak	botak	dewasa	kawan	lelaki	teman
👨‍🦳	lelaki: rambut putih	dewasa	kawan	lelaki	rambut putih	teman
👨‍🦼	lelaki dalam kerusi roda bermotor	bermotor	kebolehcapaian	kerusi roda	lelaki
👨‍🦼‍➡	lelaki dalam kerusi roda bermotor: menghadap kanan	bermotor	kanan	kebolehcapaian	kerusi roda	lelaki	menghadap
👨‍🦽	lelaki dalam kerusi roda manual	kebolehcapaian	kerusi roda	lelaki	manual
👨‍🦽‍➡	lelaki dalam kerusi roda manual: menghadap kanan	kanan	kebolehcapaian	kerusi roda	lelaki	manual	menghadap
👩	perempuan	dewasa	wanita
👩‍⚕	pekerja kesihatan wanita	ahli terapi	doktor	jururawat	penjagaan kesihatan	perempuan
👩‍⚖	hakim wanita	hakim	keadilan	neraca	perempuan	wanita
👩‍✈	juruterbang wanita	juruterbang	kapal terbang	perempuan	wanita
👩‍❤‍👨	pasangan dengan simbol hati: perempuan dan lelaki	Valentine	bersama	cinta	cium	hati	kekasih	lelaki	pasangan	pasangan dengan simbol hati	percintaan	perempuan	ulang tahun
👩‍❤‍👩	pasangan dengan simbol hati: perempuan dan perempuan	Valentine	bersama	cinta	cium	hati	kekasih	pasangan	pasangan dengan simbol hati	percintaan	perempuan	ulang tahun
👩‍❤‍💋‍👨	cium: perempuan dan lelaki	Valentine	cinta	cium	kekasih	lelaki	pasangan	percintaan	perempuan	sayang	ulang tahun
👩‍❤‍💋‍👩	cium: perempuan dan perempuan	Valentine	cinta	cium	kekasih	pasangan	percintaan	perempuan	sayang	ulang tahun
👩‍🌾	petani wanita	pekebun	peladang ternak	perempuan	petani	wanita
👩‍🍳	tukang masak wanita	cef	perempuan	tukang masak	wanita
👩‍🍼	wanita menyusui bayi	bayi	bayi baru lahir	emak	ibu	menyusu	menyusui	pengasuh	sayang	wanita
👩‍🎓	pelajar wanita	graduan	pelajar	perempuan	wanita
👩‍🎤	penyanyi wanita	bintang	pelakon	penghibur	penyanyi	perempuan	rock	wanita
👩‍🎨	pelukis wanita	artis	palet	perempuan	wanita
👩‍🏫	guru wanita	guru	pengajar	perempuan	profesor	wanita
👩‍🏭	pekerja kilang wanita	industri	kilang	pekerja	pekerjaan	pemasangan	perempuan	wanita
👩‍👦	keluarga: perempuan dan kanak-kanak lelaki	bapa	ibu	kanak-kanak	kanak-kanak lelaki	keluarga	perempuan
👩‍👦‍👦	keluarga: perempuan, kanak-kanak lelaki dan kanak-kanak lelaki	bapa	ibu	kanak-kanak	kanak-kanak lelaki	keluarga	perempuan
👩‍👧	keluarga: perempuan dan budak perempuan	bapa	budak perempuan	ibu	kanak-kanak	keluarga	perempuan
👩‍👧‍👦	keluarga: perempuan, budak perempuan dan kanak-kanak lelaki	bapa	budak perempuan	ibu	kanak-kanak	kanak-kanak lelaki	keluarga	perempuan
👩‍👧‍👧	keluarga: perempuan, budak perempuan dan budak perempuan	bapa	budak perempuan	ibu	kanak-kanak	keluarga	perempuan
👩‍👩‍👦	keluarga: perempuan, perempuan dan kanak-kanak lelaki	bapa	ibu	kanak-kanak	kanak-kanak lelaki	keluarga	perempuan
👩‍👩‍👦‍👦	keluarga: perempuan, perempuan, kanak-kanak lelaki dan kanak-kanak lelaki	bapa	ibu	kanak-kanak	kanak-kanak lelaki	keluarga	perempuan
👩‍👩‍👧	keluarga: perempuan, perempuan dan budak perempuan	bapa	budak perempuan	ibu	kanak-kanak	keluarga	perempuan
👩‍👩‍👧‍👦	keluarga: perempuan, perempuan, budak perempuan dan kanak-kanak lelaki	bapa	budak perempuan	ibu	kanak-kanak	kanak-kanak lelaki	keluarga	perempuan
👩‍👩‍👧‍👧	keluarga: perempuan, perempuan, budak perempuan dan budak perempuan	bapa	budak perempuan	ibu	kanak-kanak	keluarga	perempuan
👩‍💻	ahli teknologi wanita	ahli teknologi	pembangun	pencipta	pengekod	perempuan	perisian	wanita
👩‍💼	pekerja pejabat wanita	arkitek	kolar putih	pejabat	pengurus	perempuan	perniagaan	urus niaga	wanita
👩‍🔧	mekanik wanita	juruelektrik	mekanik	perempuan	tukang	tukang paip	wanita
👩‍🔬	saintis wanita	ahli biologi	ahli fizik	ahli kimia	ahli matematik	jurutera	perempuan	saintis	wanita
👩‍🚀	angkasawati	angkasa	perempuan	roket	wanita
👩‍🚒	ahli bomba wanita	ahli bomba	perempuan	trak bomba	wanita
👩‍🦯	perempuan dengan tongkat putih	buta	kebolecapaian	kurang upaya	penglihatan	perempuan	putih	tongkat	wanita
👩‍🦯‍➡	perempuan dengan tongkat putih: menghadap kanan	buta	kanan	kebolecapaian	kurang upaya	menghadap	penglihatan	perempuan	putih	tongkat	wanita
👩‍🦰	perempuan: rambut merah	dewasa	perempuan	rambut merah	wanita
👩‍🦱	perempuan: rambut kerinting	dewasa	perempuan	rambut kerinting	wanita
👩‍🦲	perempuan: botak	botak	dewasa	perempuan	wanita
👩‍🦳	perempuan: rambut putih	dewasa	perempuan	rambut putih	wanita
👩‍🦼	perempuan dalam kerusi roda bermotor	bermotor	kebolehcapaian	kerusi roda	wanita
👩‍🦼‍➡	perempuan dalam kerusi roda bermotor: menghadap kanan	bermotor	kanan	kebolehcapaian	kerusi roda	menghadap	wanita
👩‍🦽	perempuan dalam kereta roda manual	kebolehcapaian	kerusi roda	manual	wanita
👩‍🦽‍➡	perempuan dalam kereta roda manual: menghadap kanan	kanan	kebolehcapaian	kerusi roda	manual	menghadap	wanita
👪	keluarga	bapa	ibu	kanak-kanak
👫	lelaki dan wanita berpegangan tangan	berpegangan tangan	lelaki	pasangan	pegang	tangan	wanita
👬	dua lelaki berpegangan tangan	adik-beradik lelaki	berpegangan tangan	kawan	kekasih	kembar	lelaki	pasangan	pegang	rakan	tangan
👭	dua wanita berpegangan tangan	berpegangan tangan	pasangan	tangan	wanita
👮	pegawai polis	mata-mata	pakaian seragam	pegawai	penguatkuasa	polis	tangkap	undang-undang
👮‍♀	pegawai polis wanita	pakaian seragam	perempuan	polis	undang-undang	wanita
👮‍♂	pegawai polis lelaki	lelaki	polis
👯	orang dengan telinga arnab	berparti	kembar	orang	penari	rakan karib	serupa	telinga arnab
👯‍♀	perempuan berpesta	berpesta	penari	perempuan	telinga arnab	wanita
👯‍♂	lelaki berpesta	BFF	dua	kawan karib	lelaki parti	orang	penari	saing	sama	telinga	teman sejiwa
👰	orang memakai vel	orang	pengantin	perkahwinan	vel
👰‍♀	wanita memakai vel	vel	wanita
👰‍♂	lelaki memakai vel	lelaki	vel
👱	orang: rambut perang	berambut perang	orang	perang	rambut
👱‍♀	perempuan: rambut perang	berambut perang	perang	perempuan	rambut	wanita
👱‍♂	lelaki: rambut perang	lelaki	lelaki berambut perang muda	lelaki: berambut perang muda	perang muda	rambut
👲	lelaki bertopi cina	gua pi mao	lelaki	topi
👳	orang berserban	lelaki	serban
👳‍♀	wanita berserban	perempuan	serban	wanita
👳‍♂	lelaki berserban	lelaki	serban
👴	lelaki tua	bijak	botak	datuk	lama	lelaki	manusia	tua
👵	wanita tua	bijak	nenek	rambut perang	tua	wanita
👶	bayi	hamil	mengandung	muda
👷	pekerja pembinaan	buruh	helmet	pekerja	pekerjaan	pembinaan	topi	topi kuning
👷‍♀	pekerja pembinaan wanita	pekerja	pekerjaan	pembinaan	perempuan	wanita
👷‍♂	pekerja pembinaan lelaki	lelaki	pekerja	pembinaan
👸	puteri	cerita dongeng	fantasi
👹	gergasi	cerita dongeng	fantasi	jepun	makhluk	muka	raksasa
👺	goblin	cerita dongeng	fantasi	jepun	makhluk	muka	raksasa
👻	hantu	boo	cerita dongeng	fantasi	makhluk	muka	raksasa
👼	pari-pari bayi	bayi	cerita dongeng	fantasi	malaikat	muka
👽	makhluk asing	UFO	angkasa lepas	cerita dongeng	fantasi	makhluk	muka	raksasa	ruang angkasa
👾	raksasa angkasa lepas	UFO	angkasa lepas	asing	cerita dongeng	fantasi	makhluk	muka	raksasa	ruang angkasa
👿	muka marah bertanduk	budak nakal	cerita dongeng	fantasi	muka	setan	syaitan	tanduk
💀	tengkorak	badan	cerita dongeng	kematian	mati	muka	raksasa
💁	pegawai kaunter pertanyaan	bantu	berani	maklumat	tangan
💁‍♀	perempuan menadah tangan	menadah tangan	perempuan	wanita
💁‍♂	lelaki menadah tangan	lelaki	menadah tangan
💂	pengawal	helmet	istana
💂‍♀	pengawal wanita	helmet	pengawal	perempuan	wanita
💂‍♂	pengawal lelaki	lelaki	pengawal
💃	perempuan menari	menari	penari	perempuan	pesta	salsa	wanita
💄	gincu	alat solek	kosmetik	solek
💅	pengilat kuku	bosan	kosmetik	kuku	pengilat	penjagaan	rias tangan
💆	urut muka	berehat	kepala	muka	orang sedang diurut	pening	rawatan	sakit kepala	salun	spa	terapi	urut
💆‍♀	perempuan diurut muka	muka	perempuan	urut	wanita
💆‍♂	lelaki diurut muka	lelaki	muka	urut
💇	gunting rambut	gunting	kecantikan	potong	salun	tukang gunting
💇‍♀	perempuan digunting rambut	gunting rambut	perempuan	wanita
💇‍♂	lelaki digunting rambut	gunting rambut	lelaki	rambut
💈	jalur kedai gunting rambut	gunting rambut	jalur	tukang gunting
💉	picagari	alat	doktor	jarum	perubatan	sakit	suntikan
💊	pil	berubat	dadah	doktor	sakit	ubat	vitamin
💋	tanda ciuman	bibir	cium	ciuman	hati	percintaan	tanda
💌	surat cinta	cinta	hati	mel	percintaan	surat
💍	cincin	berkilau	berlian	kahwin	percintaan	perkahwinan
💎	batu permata	berlian	intan	percintaan	permata	pertunangan	tunang	wang
💏	cium	Valentine	cinta	kekasih	pasangan	percintaan	sayang	ulang tahun
💐	sejambak bunga	bunga	cinta	hari jadi	kasih	percintaan	tumbuhan	ulang tahun
💑	pasangan dengan simbol hati	Valentine	bersama	cinta	cium	hati	kekasih	pasangan	percintaan	ulang tahun
💒	perkahwinan	gereja	percintaan
💓	jantung berdegup	berdegup	degupan jantung	denyut	hati
💔	patah hati	hati	kecewa	patah	pecah	pilu	retak	sedih
💕	dua hati	cinta	cium	emosi	hati	ulang tahun
💖	hati berkilauan	143	ILY	XOXO	baik	berkilauan	ciuman	emosi	hati	malam	pagi	teruja
💗	hati membesar	berdebar	cium	denyutan jantung	gementar	hati	membesar	muah	teruja
💘	hati ditembusi anak panah	anak panah	dewa asmara	hati	percintaan
💙	hati biru	143	ILY	biru	cinta	emosi	jantung	percintaan
💚	hati hijau	143	ILY	cinta	emosi	hijau	jantung	romantik
💛	hati kuning	cinta	emosi	hati	kuning
💜	hati ungu	cinta	emosi	hati	ungu
💝	hati dengan reben	emosi	hati	reben	ulang tahun	valentine
💞	hati berputar	143	berputar	comel	emosi	hati	ulang tahun
💟	hiasan hati	143	emosi	hati	hiasan	pangkuan	putih	ungu
💠	berlian berbintik	berlian	di dalam	geometri	komik
💡	mentol lampu	cahaya	elektrik	idea	komik	mentol
💢	simbol marah	berang	komik	marah
💣	bom	bahaya	boom	komik	letupan	panas
💤	zzz	komik	letih	malam	mengantuk	penat	selamat malam	tidur
💥	pelanggaran	bom	komik	ledakan	meletup
💦	titis peluh	komik	peluh	percikan
💧	titisan air	cuaca	komik	peluh	sejuk	titisan
💨	meluru	angin	awan	berlari	buang angin	komik
💩	selonggok najis	komik	muka	najis	raksasa	selonggok tahi	tahi	tinja
💪	biseps dilenturtegang	badan	bisep	biseps	komik	lentur	lentur tegang	otot
💫	pening	bintang	komik
💬	gelembung pertuturan	belon	dialog	gelembung	komik	ucapan
💭	gelembung fikir	awan	belon	cipta	fikir	gelembung	idea	kartun	khayal	komik	sedar
💮	bunga putih	bunga
💯	seratus mata	100	penuh	seratus	skor
💰	karung duit	bayar	beg	bilion	dibayar	dolar	juta	kaya	membayar	wang
💱	pertukaran mata wang	bank	mata wang	pertukaran	wang
💲	tanda dolar tebal	bayar	bilion	caj	dolar	duit	juta	mata wang	tebal	tunai	wang
💳	kad kredit	bank	bayar	kad	kredit	wang
💴	wang kertas yen	bank	duit	duit kertas	mata wang	wang	wang kertas	yen
💵	wang kertas dolar	bank	dolar	duit	duit kertas	mata wang	wang	wang kertas
💶	wang kertas euro	bank	duit	duit kertas	euro	mata wang	wang	wang kertas
💷	wang kertas paun	bank	duit	duit kertas	mata wang	pound	wang	wang kertas
💸	wang kertas bersayap	bank	dolar	duit	duit kertas	sayap	terbang	wang	wang dengan sayap	wang kertas
💹	carta yen meningkat	bank	carta	graf	ke atas	mata wang	meningkat	pasaran	pertumbuhan	wang	yen
💺	tempat duduk	kerusi
💻	komputer riba	komputer	pc	pejabat	peribadi
💼	beg bimbit	pejabat
💽	cakera komputer	cakera	cakera mini	komputer	optik
💾	cakera liut	cakera	komputer	liut
💿	cakera optik	blu-ray	cakera	cd	dvd	komputer	optik
📀	dvd	blu-ray	cakera	cd	komputer	optik
📁	folder fail	fail	folder
📂	folder buka fail	fail	folder	terbuka
📃	halaman ikal	dokumen	halaman	ikal
📄	halaman menghadap atas	dokumen	halaman
📅	kalendar	tarikh
📆	kalendar koyak	kalendar
📇	indeks kad	indeks	kad	rolodex
📈	carta menaik	arah aliran	carta	data	graf	menaik	pertumbuhan
📉	carta menurun	arah aliran	carta	data	graf	menurun
📊	carta bar	bar	carta	data	graf
📋	papan klip	nota	senarai tugas
📌	paku tekan	pin
📍	paku tekan bulat	lokasi	peta	pin	pin tekan	pin tekan bulat
📎	klip kertas
📏	pembaris lurus	pembaris	tepi lurus
📐	pembaris segi tiga	pembaris	segi tiga	set
📑	tab penanda halaman	penanda	penanda buku	penanda halaman	tab	tanda
📒	lejar	buku nota
📓	buku nota
📔	buku nota dengan kulit berhias	berhias	buku	buku nota	kulit	menulis	pendidikan	sekolah
📕	buku tertutup	buku	pendidikan	tertutup
📖	buka terbuka	buku	ilmu	membaca	novel	pendidikan	perpustakaan	terbuka
📗	buku hijau	buku	hijau	membaca	pendidikan	perpustakaan
📘	buku biru	biru	buku	membaca	pendidikan	perpustakaan
📙	buku oren	buku	fantasi	jingga	membaca	pendidikan	perpustakaan
📚	buku	belajar	ilmu	membaca	novel	pendidikan	perpustakaan	sekolah
📛	lencana nama	lencana	nama
📜	skrol	kertas
📝	memo	komunikasi	media	nota	pensel
📞	gagang telefon	penerima	telefon	voip
📟	alat kelui	komunikasi
📠	mesin faksimili	faks	komunikasi
📡	antena satelit	antena	hubungi	makhluk asing	piring	sains	satelit
📢	corong pembesar suara	bunyi	komunikasi	kuat	siar raya
📣	megafon	bersorak
📤	dulang keluar	dihantar	dulang	kotak	mel	peti keluar	surat
📥	dulang masuk	dulang	kotak	mel	peti masuk	surat	terima
📦	pakej	bungkusan	komunikasi	kotak	penghantaran
📧	e-mel	mel	surat
📨	sampul surat masuk	e-mel	emel	masuk	mel	sampul surat	surat	terima
📩	sampul surat dengan anak panah	anak panah	dihantar	e-mel	emel	ke bawah	keluar	mel	sampul surat	surat
📪	peti surat tertutup dengan bendera diturunkan	diturunkan	mel	peti mel	peti mel tertutup dengan bendera diturunkan	peti surat	tertutup
📫	peti surat tertutup dengan bendera dinaikkan	mel	peti mel	peti mel tertutup dengan bendera dinaikkan	peti surat	tertutup
📬	peti surat terbuka dengan bendera dinaikkan	mel	peti mel	peti mel terbuka dengan bendera dinaikkan	peti surat	terbuka
📭	peti surat terbuka dengan bendera diturunkan	diturunkan	mel	peti mel	peti mel terbuka dengan bendera diturunkan	peti surat	terbuka
📮	peti pos	mel	peti mel
📯	hon pos	hon	pos	wakil pos
📰	akhbar	berita	kertas	komunikasi
📱	telefon bimbit	komunikasi	mudah alih	sel	telefon
📲	telefon bimbit dengan anak panah	anak panah	komunikasi	mudah alih	panggil	sel	telefon	terima
📳	mod getaran	fon	getaran	mod	mudah alih	sel	telefon
📴	telefon mudah alih dimatikan	fon	matikan	mudah alih	sel	telefon
📵	dilarang guna telefon bimbit	bukan	dilarang	fon	mudah alih	sel	telefon	telefon mudah alih dilarang	tidak
📶	palang antena	antena	fon	isyarat	mudah alih	palang	sel	telefon
📷	kamera	foto	gambar	swafoto	tangkap	video
📸	kamera dengan denyar	denyar	kamera	video
📹	kamera video	kamera	perakam video	video
📺	televisyen	tv	video
📻	radio	hiburan	video
📼	pita video	lama	pita	sekolah	vcr	vhs	video
📽	projektor filem	filem	pawagam	projektor	video	wayang
📿	tasbih	agama	doa	kalung	manik	pakaian
🔀	butang rombak trek	anak panah	melintasi
🔁	butang ulang	anak panah	ikut jam	ulang
🔂	butang ulang sekali	anak panah	ikut jam	sekali
🔃	anak panah menegak ikut jam	anak panah	ikut arah jam	muat semula	segar semula
🔄	butang anak panah lawan jam	anak panah	arah lawan jam	bertentangan arah jam	lawan jam	segar semula
🔅	butang malap	kecerahan	malap	rendah
🔆	butang cerah	cerah	kecerahan
🔇	pembesar suara dimatikan	kelantangan	pembesar suara	redam	senyap	tenang
🔈	kelantangan rendah pembesar suara	bunyi	kelantangan	pembesar suara	perlahan	rendah	senyap
🔉	kelantangan sederhana pembesar suara	bunyi	kelantangan	pembesar suara	sederhana
🔊	kelantangan tinggi pembesar suara	bunyi	kelantangan	kuat	lantang	muzik	pembesar suara	tinggi
🔋	bateri
🔌	palam elektrik	elektrik	kuasa elektrik	palam
🔍	kanta pembesar condong ke kiri	alat	carian	kanta	kanta pembesar menunjuk ke kiri	pembesar	sains
🔎	kanta pembesar condong ke kanan	alat	carian	kanta	kanta pembesar menunjuk ke kanan	pembesar	sains
🔏	mangga dengan pen	dakwat	kunci	mata pen	pen	privasi
🔐	mangga terkunci dengan anak kunci	berkunci	kunci	mengunci	selamat
🔑	kunci	kata laluan
🔒	bermangga	berkunci	mangga	peribadi	tutup
🔓	mangga terbuka	buka kunci	kunci	terbuka
🔔	loceng	bunyi	gereja	masa rehat
🔕	loceng berpalang	bukan	dilarang	ditegah	loceng	redam	senyap	tenang	tidak
🔖	penanda buku	tanda
🔗	pautan	rantai
🔘	butang radio	butang	geometri	radio
🔙	anak panah ‘BACK’	anak panah	kembali
🔚	anak panah ‘END’	anak panah	tamat
🔛	anak panah ON!	anak panah	hidup	tanda
🔜	anak panah ‘SOON’	anak panah	tidak lama lagi
🔝	anak panah ‘TOP’	anak panah	atas	top
🔞	bawah lapan belas tidak dibenarkan	18	bawah umur	bukan	dilarang	lapan belas	sekatan umur	tiada sesiapa bawah lapan belas	tidak
🔟	butang kekunci: 10	butang kekunci
🔠	huruf besar latin input	huruf	huruf besar	input	latin
🔡	huruf kecil latin input	abcd	huruf	huruf kecil	input	latin
🔢	nombor input	1234	input	nombor
🔣	simbol input	input
🔤	huruf latin input	abc	abjad	huruf	input	latin
🔥	api	af	alat	kebakaran	litaf	menyala	nyala api	panas	terbakar
🔦	lampu suluh	alat	cahaya	elektrik
🔧	perengkuh	alat	pembaikan rumah
🔨	tukul	alat	baiki	pembaikan rumah
🔩	nat dan bolt	alat	bolt	nat	pembaikan rumah
🔪	pisau dapur	alat	hocho	memasak	pisau	senjata
🔫	pistol air	air	alat	pistol	revolver	senapang	senjata
🔬	mikroskop	alat	eksperimen	makmal	sains
🔭	teleskop	alat	hubung	sains
🔮	bola kristal	ajaib	alat	bola	cerita dongeng	fantasi	kristal	magik	nasib
🔯	bintang berpenjuru enam berbintik	bintang	nasib	yahudi
🔰	simbol Jepun untuk pemula	alat	daun	hijau	jepun	kuning	marka	pemula	servon	siku keluang	simbol
🔱	lambang trisula	alat	kapal	lambang	sauh	trisula
🔲	butang persegi hitam	berangka	bergaris	butang	garis bentuk	geometrik	hitam	segi empat sama
🔳	butang persegi putih	berangka	bergaris	butang	garis bentuk	geometrik	putih	segi empat sama
🔴	bulatan merah	bulatan	geometri	merah
🔵	bulatan biru	biru	bulatan	geometri
🔶	berlian jingga besar	berlian	besar	geometrik	jingga
🔷	berlian biru besar	berlian	biru	geometri
🔸	berlian jingga kecil	berlian	geometrik	jingga	kecil
🔹	berlian biru kecil	berlian	biru	geometri
🔺	segi tiga merah menunjuk ke atas	geometri	merah
🔻	segi tiga merah menunjuk ke bawah	geometri	ke bawah	merah
🔼	butang ke atas	anak panah	butang	merah
🔽	butang ke bawah	anak panah	butang	ke bawah	merah
🕉	om	agama	hindu
🕊	burung merpati	burung	keamanan	terbang
🕋	kaabah	agama	haji	islam	muslim	orang islam	umrah	ziarah
🕌	masjid	agama	islam	muslim	orang islam	sembahyang
🕍	saumaah	agama	kuil	orang yahudi	yahudi
🕎	menorah	agama	kaki lilin	kandelabrum
🕐	pukul satu	1	1:00	jam	masa	pukul	satu
🕑	pukul dua	2	2:00	dua	jam	masa	pukul
🕒	pukul 3	3	3:00	jam	masa	pukul	tiga
🕓	pukul empat	4	4:00	empat	jam	masa	pukul
🕔	pukul lima	5	5:00	jam	lima	masa	pukul
🕕	pukul enam	6	6:00	enam	jam	masa	pukul
🕖	pukul tujuh	0	7	7:00	jam	pukul	tujuh
🕗	pukul lapan	8	8:00	jam	lapan	masa	pukul
🕘	pukul sembilan	9	9:00	jam	masa	pukul	sembilan
🕙	pukul sepuluh	0	10	10:00	jam	pukul	sepuluh
🕚	pukul sebelas	11	11:00	jam	masa	pukul	sebelas
🕛	pukul dua belas	12	12:00	dua belas	jam	masa	pukul
🕜	satu setengah	1	1:30	30	jam	satu	tiga puluh
🕝	dua setengah	2	2:30	30	dua	jam	tiga puluh
🕞	tiga setengah	3	30	3:30	jam	tiga	tiga puluh
🕟	empat setengah	30	4	4:30	empat	jam	tiga puluh
🕠	lima setengah	30	5	5:30	jam	lima	tiga puluh
🕡	enam setengah	30	6	6:30	enam	jam	tiga puluh
🕢	tujuh setengah	30	7	7:30	jam	tiga puluh	tujuh
🕣	lapan setengah	30	8	8:30	jam	lapan	tiga puluh
🕤	sembilan setengah	30	9	9:30	jam	sembilan	tiga puluh
🕥	sepuluh setengah	10	10:30	30	jam	sepuluh	tiga puluh
🕦	sebelas setengah	11	11:30	30	jam	sebelas	tiga puluh
🕧	dua belas setengah	12	12:30	30	dua belas	jam	tiga puluh
🕯	lilin	cahaya
🕰	jam para pendiang	antik	jam	masa	waktu
🕳	lubang
🕴	lelaki memakai sut urusan terapung-apung	manusia	perniagaan	sut
🕵	detektif	penyiasat	perisik
🕵‍♀	mata-mata gelap wanita	detektif	mata-mata gelap	pengintip	perempuan	wanita
🕵‍♂	mata-mata gelap lelaki	detektif	lelaki	mata-mata gelap	pengintip
🕶	kaca mata hitam	cermin mata	gelap	kaca mata	mata
🕷	labah-labah	serangga
🕸	sarang labah-labah	labah-labah	sarang
🕹	kayu bedik	permainan	permainan video
🕺	lelaki menari	elegan	flamenco	lelaki	menari	penari	pesta	salsa	tango	tarian
🖇	klip kertas berpaut	bersambung	klip kertas	pautan
🖊	pen	mata bulat
🖋	pena	pen
🖌	berus cat	lukisan
🖍	krayon
🖐	tangan dengan jari terkepak	badan	jari	renggang	tangan
🖕	jari hantu	badan	jari	tangan
🖖	tabik vulcan	badan	jari	spock	tangan	valkan
🖤	hati hitam	hati	hitam	jahat	kejam
🖥	komputer meja	desktop	komputer	meja	monitor
🖨	pencetak	komputer
🖱	tetikus komputer	komputer	tetikus
🖲	bebola jejak	komputer
🖼	bingkai dengan gambar	bingkai	gambar	gambar berbingkai	lukisan	muzium	seni
🗂	pembahagi indeks kad	indeks	kad	pembahagi
🗃	kotak fail kad	fail	kad	kotak
🗄	kabinet fail	fail	kabinet
🗑	tong sampah	bakul	sampah	tong
🗒	pad nota pilin	nota	pad	pilin
🗓	kalendar pilin	kalendar	pad	pilin
🗜	ragum	alat	pemampatan
🗝	kunci lama	kunci	lama	mengunci	petunjuk
🗞	akhbar bergulung	akhbar	bergulung	berita	kertas
🗡	pisau belati	pisau	senjata
🗣	kepala bercakap	bayang	bercakap	cakap	kepala	muka
🗨	gelembung pertuturan kiri	dialog	ucapan
🗯	gelembung marah kanan	belon	berang	gelembung	marah
🗳	peti undi dengan undian	kotak	undi
🗺	peta dunia	dunia	peta
🗻	gunung fuji	alam semula jadi	fuji	gunung	jepun
🗼	menara Tokyo	Tokyo	menara	tokyo
🗽	Patung Liberty	kebebasan	new york	ny	patung	patung liberty
🗾	peta Jepun	jepun	peta
🗿	moyai	moai	muka	patung
😀	muka tersengih	baik	ceria	gembira	gigi	ketawa	muka	senyum	tersengih
😁	muka berseri-seri dengan mata tersenyum	mata	muka	sengih	senyum
😂	muka dengan air mata kegembiraan	air mata	gembira	ketawa	muka
😃	muka tersengih dengan mata besar	muka	mulut	senyum	terbuka
😄	muka tersengih dan mata tersenyum	gembira	haha	ketawa	lebar	mata	senyum	tersengih	tersenyum
😅	muka tersengih dan berpeluh	muka	peluh	sejuk	senyum	terbuka
😆	muka tersengih mata tertutup rapat	ketawa	muka	mulut	puas hati	senyum	terbuka
😇	muka tersenyum dengan halo	cerita dongeng	diberkati	fantasi	gembira	halo	malaikat	muka	senyum	suci
😈	muka senyum bertanduk	cerita dongeng	fantasi	memujuk	muka	muka tersenyum nakal	nakal	senyum	tanduk
😉	muka kenyit mata	kenyit mata	muka
😊	muka tersenyum dengan mata tersenyum	mata	merah	muka	senyum
😋	muka menikmati makanan lazat	lazat	menikmati	muka	senyum	um	yum
😌	muka lega	aman	lega	muka	tenang	zen
😍	muka tersenyum dengan mata berbentuk hati	cinta	hati	mata	mata berbentuk hati	muka	percintaan	romantik	senyum	tersenyum
😎	muka tersenyum berkaca mata hitam	bergaya	berkaca mata hitam	hebat	kaca mata hitam	muka tersenyum	santai	suria	tenang	terang
😏	muka tersenyum sinis	mata	menyeringai	muka	tersenyum	tersenyum sinis
😐	muka neutral	air muka	bersahaja	muka	neutral
😑	muka selamba	dengki	muka	selamba	tiada emosi	tiada perasaan
😒	muka tidak puas hati	...	bosan	cemburu	marah	muka	pelik	tidak puas hati
😓	muka berpeluh sejuk	muka	peluh	sejuk
😔	muka bertafakur	bosan	kecewa	mati	muka	sedih	tafakur
😕	muka keliru	bingung	kalut	keliru	maaf	muka	sedih	tidak pasti
😖	muka bingung	bingung	kecewa	marah	muka	sedih
😗	muka memberi ciuman	cinta	cium	muka
😘	muka melayangkan ciuman	cium	hati	malam	muka	percintaan	rindu
😙	muka memberi ciuman dengan mata tersenyum	cinta	cium	malam	mata	muka	senyum
😚	muka memberi ciuman dengan mata tertutup	cium	mata	muka	tertutup
😛	muka menjelir lidah	cantik	lidah	manis	muka	parti
😜	muka menjelir lidah dan mengenyit mata	jenaka	kelakar	kenyit	lidah	lucu	mata	muka	muka mengenyit
😝	muka menjelir lidah dan mata tertutup rapat	dahsyat	lidah	mata	muka	rasa
😞	muka kecewa	kalah	kecewa	muka	sedih
😟	muka risau	bimbang	muka	risau	sedih
😠	muka marah	berang	kecewa	marah	muka	tidak suka
😡	muka mencebik	berang	marah	merah	merajuk	muka	naik angin
😢	muka menangis	air mata	menangis	muka	sedih
😣	muka tekun	fokus	muka	sakit kepala	tekun
😤	muka bangga kemenangan	bangga	berang	berasap	geram	hidung	marah	menang	mengamuk	muka	tidak gembira
😥	muka kecewa namun lega	huh	kecewa	lega	muka
😦	muka berkerut dengan mulut ternganga	berkerut	muka	mulut	terbuka
😧	muka merana	merana	muka	sedih	tertekan
😨	muka ketakutan	bimbang	ketakutan	muka	seram	takut
😩	muka tak bermaya	letih	muka	penat	sedih	tak bermaya
😪	muka mengantuk	letih	menangis	muka	sedih	tidur
😫	muka letih	bersin	merinap	muka	penat	rasa	sedih
😬	muka menyeringai	doktor gigi	gigi	menyeringai	muka	senyum
😭	muka meraung	air mata	menangis	muka	sedih
😮	muka bermulut ternganga	muka	mulut	simpati	ternganga
😮‍💨	muka menghembuskan nafas	aduh	hembus	lega	letih	menghela nafas	merintih	muka	penat	siul	tarik nafas
😯	muka terkejut	aman	muka	terkejut	terperanjat
😰	muka gementar dan berpeluh sejuk	berpeluh sejuk	bimbang	biru	gementar	muka	mulut	peluh	runsing	tergesa-gesa	ternganga
😱	muka menjerit ketakutan	gentar	ketakutan	mengunyah	menjerit	muka	seram	takut
😲	muka terperanjat	hairan	muka	sama sekali	terkejut
😳	muka malu	bingung	memerah	muka	tidak yakin
😴	muka tidur	bosan	katil	lena	letih	muka	selamat malam	tidur	zzz
😵	muka pening	letih	mata	mati	muka	penat	pening	pitam	sakit
😵‍💫	muka dengan mata berpusar	dipukau	keliru	masalah	oh Tuhan	pening	pusaran	senyum	wah
😶	muka tanpa mulut	muka	mulut	senyap	serba salah	sulit	tenang
😶‍🌫	muka dikepung awan	kepala di awan	muka dalam kabus	muka di awan	pelupa	tidak sedar
😷	muka memakai topeng perubatan	doktor	doktor gigi	muka	perubatan	sakit	sejuk	topeng
😸	kucing tersengih dengan mata tersenyum	haiwan	kucing	mata	menyeringai	muka	sengih	senyum	tersengih
😹	kucing dengan air mata kegembiraan	air mata	gembira	haha	haiwan	kegembiraan	ketawa	kucing	muka
😺	kucing tersengih	haiwan	kucing	muka	mulut	senyum	terbuka	tersengih	tersenyum
😻	kucing tersenyum dengan mata berbentuk hati	bentuk hati	cinta	haiwan	hati	kucing	mata	senyum	tersenyum
😼	muka kucing tersenyum sinis	ironis	kucing	muka	sinis
😽	kucing melemparkan ciuman	cium	ciuman	haiwan	kucing	mata	melemparkan	muka	tertutup
😾	muka kucing mulut muncung	haiwan	kucing	mencebik	muka
😿	muka kucing menangis	air mata	haiwan	kucing	menangis	muka	sedih
🙀	muka kucing keletihan	haiwan	kucing	letih	muka	oh!	terkejut
🙁	muka berkerut sedikit	berkerut	muka	sedih
🙂	muka tersenyum sedikit	gembira	muka	senyum
🙂‍↔	menggeleng kepala	menggeleng	tidak
🙂‍↕	mengangguk kepala	mengangguk	ya
🙃	muka terbalik	ketawa	muka	terbalik
🙄	muka dengan mata juling ke atas	bosan	juling	mata	muka	tak suka
🙅	gerak isyarat tidak	bukan	isyarat	larang	tangan	tegah	tidak	tidak boleh
🙅‍♀	perempuan memberi isyarat tidak ok	dilarang	gerak isyarat	perempuan	perempuan memberi isyarat TIDAK	tangan
🙅‍♂	lelaki memberi isyarat tidak ok	dilarang	gerak isyarat	isyarat	lelaki	tangan	tidak	tidak ok
🙆	gerak isyarat okey	isyarat	okey	senaman	tangan
🙆‍♀	perempuan memberi isyarat ok	gerak isyarat	ok	perempuan	tangan	wanita
🙆‍♂	lelaki memberi isyarat ok	gerak isyarat	lelaki	ok	tangan
🙇	orang menunduk	isyarat	maaf	meditasi	minta maaf	mohon maaf	orang sedang tunduk	takut	tunduk
🙇‍♀	perempuan menunduk	gerak isyarat	kemaafan	maaf	meditasi	menunduk	perempuan	wanita
🙇‍♂	lelaki menunduk	gerak isyarat	kemaafan	lelaki	maaf	menunduk
🙈	monyet tutup mata	bukan	jahat	jangan lihat perkara tak baik	kejahatan	larang	lihat	monyet	muka	tegah	terlarang	tidak
🙉	monyet tutup telinga	dengar	dilarang	gerak isyarat	haiwan	jahat	monyet	muka	rahsia	telinga	tidak
🙊	monyet tutup mulut	bukan	jahat	jangan sebut perkara tak baik	larang	monyet	muka	sebut	tegah	terlarang	tidak	tidak bercakap yang jahat
🙋	orang gembira mengangkat tangan	angkat	gembira	isyarat	saya tahu	tangan
🙋‍♀	perempuan mengangkat tangan	gerak isyarat	mengangkat tangan	perempuan	wanita
🙋‍♂	lelaki mengangkat tangan	angkat	bertanya	gembira	isyarat	jawab	lelaki	orang	pilih	saya tahu	soalan	tangan
🙌	orang mengangkat tangan	angkat	badan	hore	isyarat	menyerah	perayaan	tangan
🙍	orang berkerut dahi	berkerut dahi	bermasam muka	jengkel	kecewa	orang	sakit hati	sedih	tidak puas hati
🙍‍♀	perempuan berkerut dahi	gerak isyarat	mengerut dahi	perempuan	wanita
🙍‍♂	lelaki berkerut dahi	gerak isyarat	lelaki	mengerut dahi
🙎	orang mencebik	kecewa	marah	mencebik	merajuk	merengek	mulut muncung	orang	tidak puas hati
🙎‍♀	perempuan mencebik	gerak isyarat	memuncungkan mulut	perempuan	wanita
🙎‍♂	lelaki mencebik	kecewa	lelaki	marah	mencebik	merajuk	merengek	mulut muncung	orang	tidak puas hati
🙏	menyusun jari	doa	isyarat	susun	tangan	tanya	terima kasih	tolong	tunduk
🚀	roket	angkasa lepas	kenderaan	perjalanan
🚁	helikopter	kenderaan
🚂	lokomotif	enjin	kenderaan	kereta api	landasan kereta api	wap
🚃	gerabak kereta api	bas letrik	elektrik	kereta	kereta api	landasan kereta api	trem
🚄	kereta api laju	kelajuan	kenderaan	kereta api	shinkansen
🚅	kereta api laju dengan muncung peluru	kelajuan	kenderaan	kereta api	peluru	shinkansen
🚆	kereta api	kenderaan	landasan kereta api	rel kereta api
🚇	kereta api bawah tanah	metro	perjalanan
🚈	rel ringan	kenderaan	landasan kereta api	lrt	monorel	rel kereta api	tiba
🚉	stesen	kenderaan	kereta api	landasan kereta api	rel kereta api
🚊	trem	bas letrik	bas troli	kenderaan
🚋	gerabak trem	bas letrik	bas troli	kenderaan	kereta	trem
🚌	bas	kenderaan	sekolah
🚍	bas dari arah depan	bas	dari arah depan	kenderaan	kereta
🚎	bas troli	bas	kenderaan	trem	troli
🚏	perhentian bas	bas	berhenti
🚐	bas mini	bas	kenderaan	pandu	van
🚑	ambulans	kecemasan	kenderaan
🚒	kereta bomba	api	enjin	kenderaan	trak
🚓	kereta polis	kenderaan	kereta	polis	ronda
🚔	kereta polis dari arah depan	dari arah depan	kenderaan	kereta	polis
🚕	teksi	kenderaan	kereta	kuning	pandu
🚖	teksi dari arah depan	dari arah depan	kenderaan	kereta	kuning	pandu	teksi
🚗	kereta	automobil	kenderaan	memandu
🚘	kereta dari arah depan	automobil	dari arah depan	kenderaan	kereta	pandu
🚙	kenderaan rekreasi	kenderaan	kereta	pandu	rekreasi	rv	sukan
🚚	trak penghantaran	kenderaan	lori	pandu	penghantaran	trak
🚛	lori bersendi	kenderaan	lori	semi	trak
🚜	traktor	kenderaan
🚝	monorel	kenderaan
🚞	kereta api gunung	gunung	kenderaan	kereta	landasan kereta api	perjalanan	rel kereta api
🚟	kereta api landasan tergantung	kenderaan	landasan kereta api	rel kereta api	tergantung
🚠	jalan kabel gunung	gondola	gunung	kabel	kenderaan
🚡	jalan trem udara	gondola	jalan tali	jalan trem	kabel	kenderaan	kereta	udara
🚢	kapal	bot	kenderaan	penumpang	perjalanan	titanic
🚣	orang mendayung sampan	berkanu	bot	dayung	kapal	kayuh	memancing	orang	sampan	sungai	tasik
🚣‍♀	wanita mendayung sampan	dayung sampan	perempuan	sampan	wanita
🚣‍♂	lelaki mendayung sampan	dayung sampan	lelaki	sampan
🚤	bot laju	bot	jutawan	kenderaan	mewah	musim panas	perjalanan
🚥	lampu isyarat melintang	isyarat	lalu lintas	lampu	trafik
🚦	lampu isyarat menegak	isyarat	lalu lintas	lampu	trafik
🚧	pembinaan	halangan
🚨	lampu kereta polis	amaran	berputar	kecemasan	kenderaan	kereta	lampu	penggera	polis	siren	suar
🚩	bendera tiga segi	tiang
🚪	pintu	almari	belakang	hadapan
🚫	dilarang	bukan	masuk	tidak
🚬	rokok	merokok
🚭	dilarang merokok	bukan	dilarang	ditegah	merokok	tidak
🚮	tanda buang ke dalam tong sampah	sampah	tanda	tong
🚯	dilarang membuang sampah	bukan	dilarang	ditegah	sampah	tidak
🚰	air minum	air	boleh diminum	minum
🚱	air tak boleh minum	air	air tidak boleh minum	dilarang	ditegah	minum	tidak boleh minum
🚲	basikal	kenderaan	memandu basikal	pandu basikal	pemandu basikal
🚳	basikal dilarang	basikal	bukan	dilarang	ditegah	kenderaan	sepeda	tidak
🚴	menunggang basikal	basikal	berbasikal	menunggang	orang	penunggang	sukan
🚴‍♀	wanita berbasikal	basikal	berbasikal	penunggang basikal	perempuan	wanita
🚴‍♂	lelaki berbasikal	basikal	berbasikal	lelaki	penunggang basikal
🚵	penunggang basikal bukit	basikal	bukit	gunung	penunggang	sepeda
🚵‍♀	wanita berbasikal gunung	basikal	berbasikal	gunung	penunggang basikal	perempuan	wanita
🚵‍♂	lelaki berbasikal gunung	basikal	berbasikal	gunung	lelaki	penunggang basikal
🚶	pejalan kaki	berjalan	berjalan perlahan	jalan	kembara jalan kaki	lelaki berjalan	mendaki	orang berjalan
🚶‍♀	perempuan berjalan	berjalan kaki	mendaki	perempuan	wanita
🚶‍♀‍➡	perempuan berjalan: menghadap kanan	berjalan kaki	kanan	mendaki	menghadap	perempuan	perempuan berjalan	wanita
🚶‍♂	lelaki berjalan	berjalan kaki	lelaki
🚶‍♂‍➡	lelaki berjalan: menghadap kanan	berjalan kaki	kanan	lelaki	lelaki berjalan	menghadap
🚶‍➡	pejalan kaki: menghadap kanan	berjalan	berjalan perlahan	jalan	kanan	kembara jalan kaki	lelaki berjalan	mendaki	menghadap	orang berjalan	pejalan kaki
🚷	pejalan kaki dilarang	bukan	dilarang	ditegah	pejalan kaki	tidak
🚸	kanak-kanak melintas	kanak-kanak	lalu lintas	melintas	pejalan kaki	trafik
🚹	tandas lelaki	bilik air	lelaki	tandas	wc
🚺	tandas wanita	bilik air	tandas	wanita	wc
🚻	bilik air	tandas	wc
🚼	simbol bayi	bayi	tukar lampin
🚽	mangkuk tandas	bilik air	tandas
🚾	tandas pam	air	bilik	tandas	wc
🚿	pancuran	air
🛀	orang sedang mandi	mandi	tab mandi
🛁	tab mandi	mandi
🛂	kawalan pasport	kawalan	pasport
🛃	kastam	pemeriksaan
🛄	tuntutan bagasi	bagasi	beg	diperiksa	kapal terbang	kes	pembungkusan	perjalanan	sedia	tiba	tuntutan
🛅	bagasi tertinggal	bagasi	lokar
🛋	sofa dan lampu	hotel	lampu	sofa
🛌	orang tidur atas katil	hotel	katil	penat	selamat malam	tidur	waktu tidur
🛍	beg beli-belah	beg	hotel	membeli-belah
🛎	loceng porter	hotel	loceng	tukang angkut
🛏	katil	hotel	tidur
🛐	tempat ibadat	agama	doa	ibadah
🛑	tanda berhenti	berhenti	oktagon	tanda
🛒	troli beli-belah	beli-belah	troli
🛕	kuil hindu	hindu	kuil
🛖	pondok	kediaman	pelindung	rumah	rumah hutan	yurt
🛗	elevator	angkat	kebolehcapaian	lif
🛘	tanah runtuh	bahaya	batu	bencana	gelongsor lumpur	gempa bumi	gunung	runtuhan salji
🛜	wayarles	Internet	jalur lebar	ketersambungan	komputer	penghala	rangkaian	wifi
🛝	papan gelongsor taman permainan	main	papan gelongsor	taman hiburan
🛞	roda	bulatan	putar	tayar
🛟	boya	keselamatan	pelampung	pemelihara keselamatan	penyelamat	selamatkan	terapung
🛠	tukul dan perengkuh	alat	perengkuh	tukul
🛡	perisai	senjata
🛢	tong minyak	minyak	tong
🛣	jalan raya	jalan	lebuh raya
🛤	jalan kereta api	kereta api	landasan kereta api	rel kereta api
🛥	motobot	bot	kenderaan
🛩	kapal terbang kecil	kapal terbang	kenderaan
🛫	kapal terbang berlepas	berlepas	daftar masuk	kapal terbang	kenderaan
🛬	kapal terbang mendarat	kapal terbang	kenderaan	ketibaan	mendarat	tiba
🛰	satelit	angkasa lepas
🛳	kapal penumpang	kapal	kenderaan	penumpang
🛴	skuter tolak	skuter	tolak
🛵	skuter bermotor	motosikal	skuter
🛶	kanu	bot	perahu
🛷	geluncur	kereta luncur salji	salji	sled
🛸	piring terbang	UFO	makhluk asing
🛹	papan luncur	papan	papan selaju	pemain luncur	roda
🛺	lanca auto	beca	kenderaan	kereta kecil	tuk tuk
🛻	trak pikap	automobil	kenderaan	kereta	mengangkut	pengangkutan	pikap	pungutan	trak
🛼	kasut roda	kasut	meluncur	roda	sukan
🟠	bulatan jingga	bulatan	jingga	warna
🟡	bulatan kuning	bulatan	kuning	warna
🟢	bulatan hijau	bulatan	hijau	warna
🟣	bulatan ungu	bulatan	ungu	warna
🟤	bulatan perang	bulatan	perang	warna
🟥	persegi merah	merah	persegi	segi empat merah
🟦	persegi biru	biru	persegi	segi empat sama
🟧	persegi jingga	jingga	persegi	segi empat jingga
🟨	persegi kuning	kuning	persegi	segi empat kuning
🟩	persegi hijau	hijau	persegi	segi empat sama
🟪	persegi ungu	persegi	segi empat sama	ungu
🟫	persegi perang	perang	persegi	segi empat sama
🟰	tanda sama dengan tebal	kesamaan	matematik
🤌	jari mencubit	gerak isyarat tangan	hah!	jari	mencubit	sabar	sarkastik	sekejap	sila diam	soal siasat	tunggu sebentar	wah!
🤍	hati putih	143	hati	putih
🤎	hati perang	hati	perang	sayang
🤏	tangan mencubit	jari mencubit	sedikit
🤐	muka mulut berzip	muka	mulut	rahsia	zip
🤑	muka dengan wang dalam mulut	muka	mulut	wang
🤒	muka dengan termometer	muka	sakit	termometer	tidak sihat
🤓	muka nerda	cerdik	gek	muka	nerda
🤔	muka sedang berfikir	apakah	berfikir	muka
🤕	muka dengan kepala berbalut	cedera	kecederaan	muka	pembalut
🤖	robot	muka	raksasa
🤗	muka memberi pelukan	memeluk	muka	peluk
🤘	simbol tanduk	badan	jari	rock	tanduk	tangan
🤙	telefon saya	tangan	telefon
🤚	angkat belakang tapak tangan	angkat	belakang tapak tangan	tangan
🤛	penumbuk ke kiri	ke kiri	penumbuk
🤜	penumbuk ke kanan	ke kanan	penumbuk
🤝	berjabat tangan	perjumpaan	persetujuan	tangan
🤞	silang jari	jari	nasib	silang	tangan
🤟	gerak isyarat cinta kamu	ILY	cinta	gerak isyarat	jari	kamu	sayang kamu	tangan	tiga
🤠	muka koboi	koboi	muka	topi
🤡	muka badut	badut	muka
🤢	muka mual	loya	mual	muka	muntah	sakit
🤣	ketawa tergolek-golek	gelak	jenaka	kelakar	ketawa	lantai	lucu	muka	tergolek	tergolek-golek
🤤	muka meliur	meliur	muka
🤥	muka bohong	bohong	muka	pinocchio
🤦	tepuk dahi	bingung	dahi	muka	tak percaya	tepuk
🤦‍♀	perempuan menepuk muka	bingung	kejengkelan	perempuan	tepuk muka	tidak percaya	wanita
🤦‍♂	lelaki menepuk muka	bingung	kejengkelan	lelaki	tepuk muka	tidak percaya
🤧	muka bersin	bersin	demam	muka	sakit
🤨	muka dengan kening terangkat	apa	hmm	muka dengan bulu kening dinaikkan	pelik	pewaham	sangsi	tidak percaya	tidak setuju
🤩	terpesona	bintang	mata	muka	senyum lebar	seringai	tersengih	teruja	wow
🤪	muka gila-gila	besar	kecil	mata	muka gila
🤫	muka suruh senyap	bisu	diam	rahsia	senyap	shh	shhh	tutup mulut
🤬	muka dengan simbol pada mulut	geram	kutuk	marah	mengutuk	menyumpah
🤭	muka dengan tangan atas mulut	alamak	menggeletar	oops	rahsia
🤮	muka muntah	loya	muntah	sakit	tidak sihat
🤯	kepala meletup	kepala	letup	meletup	otak	terkejut	tidak percaya
🤰	wanita hamil	hamil	mengandung	wanita
🤱	menyusu badan	bayi	menyusu	payu dara	payudara	penyusuan susu ibu
🤲	tapak tangan rapat	berdoa	doa	telapak tangan
🤳	swafoto	kamera	selfie	telefon
🤴	putera	cerita dongeng	diraja	fantasi	mahkota	mulia	raja
🤵	orang bertuksedo	bertuksedo	formal	orang	pengantin	perkahwinan	rasmi	tuksedo
🤵‍♀	wanita berpakaian tuksedo	tuksedo	wanita	wanita bertuksedo
🤵‍♂	lelaki berpakaian tuksedo	lelaki	lelaki bertuksedo	tuksedo
🤶	Pn. Claus	ibu	krismas	natal	perayaan	puan	puan claus	santa
🤷	angkat bahu	bingung	sangsi	tak peduli	tidak tahu
🤷‍♀	perempuan mengangkat bahu	agaknya	angkat bahu	bingung	kejahilan	mungkin	perempuan	sangsi	tidak peduli	wanita
🤷‍♂	lelaki mengangkat bahu	angkat bahu	kejahilan	lelaki	sangsi	tidak pasti	tidak peduli
🤸	putar roda	aktif	balik kuang	berpusing	gimnastik	orang	sukan
🤸‍♀	wanita membuat putar roda	aktif	balik kuang	berpusing	gimnastik	perempuan	putar roda	sukan	wanita
🤸‍♂	lelaki membuat putar roda	aktif	gimnastik	lelaki	lelaki buat putar roda	orang	putar roda	sukan
🤹	menjugel	jugel	kemahiran	keseimbangan	lambung bola	pelbagai aksi
🤹‍♀	wanita menjugel	berbilang tugas	menjugel	perempuan	wanita
🤹‍♂	lelaki menjugel	berbilang tugas	lambung bola	lelaki	menjugel	sarkas
🤺	pemain pedang	bermain pedang	orang	sukan
🤼	bergusti	gelanggang	gusti	lawan	orang	pertandingan	sukan
🤼‍♀	wanita bergusti	bergusti	gelanggang	gusti	lawan	orang	perempuan	pertandingan	sukan	wanita
🤼‍♂	lelaki bergusti	bergusti	gelanggang	gusti	lawan	lelaki	orang	pertandingan	sukan
🤽	polo air	air	orang	polo	sukan
🤽‍♀	wanita bermain polo air	perempuan	polo air	sukan	wanita
🤽‍♂	lelaki bermain polo air	lelaki	polo air	sukan	sukan air
🤾	main bola baling	baling bola	bola	bola baling	orang main bola baling
🤾‍♀	wanita bermain bola baling	baling	bola baling	perempuan	sukan	wanita
🤾‍♂	lelaki bermain bola baling	bola baling	lelaki	sukan
🤿	topeng menyelam	alat menyelam	menyelam	skuba	snorkeling
🥀	bunga layu	bunga	layu
🥁	dram	kayu dram	muzik
🥂	melaga gelas	gelas	meraikan	minuman
🥃	gelas pendek	arak	gelas	minuman keras	pendek
🥄	sudu	kutleri	makan
🥅	jaring gol	gol	jaring	sukan
🥇	pingat tempat pertama	emas	juara	medal	pertama
🥈	pingat tempat kedua	kedua	medal	medal tempat ke-2	perak
🥉	pingat tempat ketiga	gangsa	ketiga	medal	medal tempat ke-3
🥊	sarung tangan tinju	sarung tangan	sukan	tinju
🥋	pakaian seni bela diri	judo	karate	pakaian	seni bela diri	seragam	sukan	taekwondo
🥌	batu curling	batu	permainan
🥍	lacrosse	bola	gol	kayu	sukan
🥎	bola lisut	bola	lisut	paras rusuk	sarung tangan	sofbal	sukan
🥏	cakera terbang	cakera	main	muktamad	piring
🥐	kroisan	bulan sabit	makanan	perancis	roti perancis
🥑	avokado	buah	makanan
🥒	timun	jeruk	makanan	sayur
🥓	bakon	daging salai	makanan
🥔	ubi kentang	makanan	sayur
🥕	lobak merah	makanan	sayur
🥖	roti baguette	makanan	roti	roti perancis
🥗	salad hijau	hijau	makanan	salad
🥘	makanan dalam belanga	belanga	makanan	periuk
🥙	roti kebab	berinti	falafel	kebab	makanan
🥚	telur	makanan
🥛	segelas susu	gelas	minuman	susu
🥜	kacang tanah	kekacang	makanan	sayur
🥝	buah kiwi	buah	kiwi	makanan
🥞	penkek	lempeng	makanan
🥟	ladu	empanada	gyoza	jiaozi	pierogi	potsticker
🥠	biskut nasib	cina	ramalan	restoran	tilikan
🥡	kotak bungkus	baldi tiram	bungkus	penghantaran makanan	penyepit	tiram	tong tiram
🥢	penyepit	hashi
🥣	mangkuk dan sudu	bijirin	bubur	kanji	sarapan
🥤	cawan dan straw	air	cawan	jus	malt	minuman ringan	soda
🥥	kelapa	palma	pina colada
🥦	brokoli	kubis liar
🥧	pai	buah	inti	pai epal	pai labu	pastri	sekeping pai
🥨	pretzel	belit	berbelit-belit	berpintal	pintal
🥩	sepotong daging	cop	daging	kambing	khinzir	lembu	merah	potongan	stik
🥪	sandwic	roti
🥫	makanan tin	makanan dalam tin	tin
🥬	sayuran hijau	berdaun	kubis	kubis daun	salad	sawi	sawi putih	sayur	selada
🥭	mangga	buah	makanan	tropika
🥮	kuih bulan	festival	kek bulan	kuih	makanan	musim luruh	perayaan	yuebing
🥯	bagel	bakeri	donat	lepa	makanan	roti	sarapan
🥰	muka tersenyum dengan hati	cinta	dilamun cinta	gembira	hati	jatuh cinta	muka	romantik	tersenyum
🥱	muka menguap	apa-apalah	bosan	letih	mengantuk	menguap	penat	selamat malam	waktu tidur
🥲	muka tersenyum dengan airmata	air mata	bangga	gembira	lega	menangis	muka	sakit	suka	terharu	tersentuh
🥳	muka berparti	bergembira	ceria	hari lahir	hon	keraian	muka	parti	perayaan	teruja	topi
🥴	muka kepeningan	mabuk	mabuk sedikit	mata juling	mata tidak rata	muka	mulut beralun	mulut berombak	pening
🥵	muka sebak	bermuka merah	berpeluh	panas	rasa demam	strok haba
🥶	muka dingin	beku	biru	dingin	gigi	isikel	luka beku	membeku	muka	pucat	sejuk
🥷	ninja	askar	kemahiran	licik	pejuang	pembunuh upahan	perang	pertempuran	rahsia	senyap-senyap	tersembunyi
🥸	muka samaran	cermin mata	hidung	kening	menyamar	misai	muka	orang	palsu	pengintip	penyamaran	perisik
🥹	muka menahan air mata	bangga	marah	menahan	menangis	sebak	sedih
🥺	muka merayu	belas kasihan	kasihan	mata besar	memujuk	merayu	minta	muka	sayu	sedih	tolong
🥻	sari	baju	pakaian
🥼	kot makmal	doktor	dr	jaket	kot	makmal	pakaian	percubaan	putih	saintis
🥽	gogal	berenang	cermin mata	mata	mengimpal	menyelam	perlindungan	skuba
🥾	but kembara	aktiviti luar	berkhemah	but	kasut	kembara	kembara beg galas	lasak	perang
🥿	kasut rata	balet	kasut balet	kasut sarung	kasut tapak rata	leper	rata balet	selesa	selipar
🦀	ketam	cancer	zodiak
🦁	singa	Leo	alfa	haiwan	mengaum	muka	safari	surai	zodiak
🦂	kala jengking	scorpio	scorpius	zodiak
🦃	ayam belanda	burung	kelokok	kesyukuran
🦄	unikorn	muka
🦅	helang	burung	haiwan
🦆	itik	burung	haiwan
🦇	kelawar	haiwan
🦈	jerung	haiwan	ikan
🦉	burung hantu	bijak	burung	haiwan
🦊	rubah	haiwan	muka
🦋	rama-rama	cantik	serangga
🦌	rusa	haiwan
🦍	gorila	haiwan
🦎	cicak	haiwan	reptilia
🦏	badak sumbu	haiwan
🦐	udang	kecil	makanan
🦑	sotong	haiwan	makanan	moluska
🦒	zirafah	bintik
🦓	zebra	belang	haiwan	jalur	kuda belang
🦔	landak kecil	berduri	duri	haiwan	landak
🦕	sauropod	brachiosaurus	brontosaurus	dinosaur	diplodocus
🦖	T-Rex	Tyrannosaurus Rex	dinosaur	haiwan	t rex
🦗	cengkerik	belalang	pepijat	serangga
🦘	kanggaru	Australia	anak kanggaru	haiwan	lompat	marsupial	melompat
🦙	llama	alpaka	bulu	gentian	guanako	haiwan	vikuna	wul
🦚	merak	bangga	berlagak	berwarna-warni	burung	burung cantik	haiwan	merak betina	sombong
🦛	badak air	badak	berendam	haiwan	hippo
🦜	kakak tua	burung	cakap	haiwan	lanun	serindit
🦝	rakun	haiwan	ingin tahu	licik
🦞	udang karang	bisk	haiwan	hidupan laut	makanan laut	sepit
🦟	nyamuk	Aedes	demam	malaria	menggigit	penyakit	perosak	serangga	virus
🦠	mikrob	ameba	bakteria	sains	virus
🦡	bejar	badger	badger madu	bajing	bejar madu	haiwan	pengacau
🦢	swan	anak angsa	anak itik hodoh	angsa	burung	haiwan	itik hodoh	putih
🦣	mamot	berbulu lebat	besar	gading	haiwan	haiwan yang sudah pupus	kepupusan
🦤	dodo	Mauritius	besar	burung	kepupusan
🦥	sloth	haiwan	malas	perlahan
🦦	memerang	haiwan	menangkap ikan	suka main-main
🦧	orang utan	beruk	haiwan	monyet
🦨	skunk	busuk	haiwan
🦩	flamingo	burung	haiwan	ranggi	tropikal
🦪	tiram	makanan laut	menyelam	mutiara
🦫	beaver	empangan	gigi	haiwan	memerang	sejenis haiwan Rodensia
🦬	bison	bijak	haiwan	kerbau	kumpulan
🦭	anjing laut	Singa laut	binatang	haiwan	laut
🦮	anjing pandu	anjing	buta	haiwan	kebolehcapaian	panduan
🦯	tongkat penduga	buta	kebolehcapaian	tongkat
🦰	rambut merah	berambut merah	perang
🦱	rambut kerinting	afro	bergelung	kerinting
🦲	botak	bercukur	kemoterapi	tiada rambut	tidak berambut
🦳	rambut putih	beruban	putih	rambut	tua
🦴	tulang	anjing	rangka	selangka
🦵	kaki	anggota badan	bahagian kaki	betis	kaki bengkok	lutut	peha	tapak kaki	tendang	tungkai
🦶	hujung kaki	berjalan kaki	berkaki ayam	buku lali	hentak	kaki	tendang
🦷	gigi	doktor gigi	geraham	putih	putih mutiara
🦸	adiwira	baik	sangat berkuasa	wira	wirawati
🦸‍♀	adi wira wanita	baik	sangat berkuasa	wanita	wira	wirawati
🦸‍♂	adi wira lelaki	baik	lelaki	sangat berkuasa	wira
🦹	ketua penjahat	jahat	penjahat	penjenayah	sangat berkuasa
🦹‍♀	ketua penjahat wanita	jahat	penjahat	penjenayah	sangat berkuasa	wanita
🦹‍♂	ketua penjahat lelaki	jahat	lelaki	penjahat	penjenayah	sangat berkuasa
🦺	rompi keselamatan	kecemasan	keselamatan	rompi	ves keselamatan
🦻	telinga dengan alat bantu dengar	alat	bantu	bantuan	dengar	kebolehcapaian	kesukaran	pendengaran	sukar	telinga
🦼	kerosi roda bermotor	bermotor	kebolehcapaian	kerusi roda
🦽	kerusi roda manual	kebolehcapaian
🦾	lengan mekanikal	besi	kebolehcapaian	kuat	lengan	mekanikal	mesin	prostetik	robot	tangan	tangan palsu
🦿	kaki mekanikal	besi	kaki	kaki palsu	kebolehcapaian	kuat	mekanikal	mesin	prostetik	robot
🧀	sepotong keju	keju
🧁	kek cawan	bakeri	gula	kek	makanan	manis	pencuci mulut
🧂	garam	botol	makanan	marah	masin	penggoncang	perasa	rasa	sedih
🧃	minuman air kotak	air buah	jus	kotak	manis	minuman	straw
🧄	bawang putih	perisa
🧅	bawang	perisa
🧆	falafel	bebola daging	kacang kuda	makanan
🧇	wafel	makan pagi	makanan	sarapan	zat besi
🧈	mentega	tenusu
🧉	mate	minuman
🧊	kiub ais	air batu	ais	aisberg	sejuk
🧋	teh buih	air boba	buih	minuman	minuman dari Taiwan	mutiara	susu	teh
🧌	raksasa	fantasi	kisah dongeng
🧍	orang berdiri	bangun	berdiri
🧍‍♀	perempuan berdiri	berdiri	perempuan
🧍‍♂	lelaki berdiri	berdiri	lelaki
🧎	orang bersimpuh	bersimpuh	melutut
🧎‍♀	perempuan bersimpuh	bersimpuh	perempuan
🧎‍♀‍➡	perempuan bersimpuh: menghadap kanan	bersimpuh	kanan	menghadap	perempuan
🧎‍♂	lelaki bersimpuh	bersimpuh	lelaki
🧎‍♂‍➡	lelaki bersimpuh: menghadap kanan	bersimpuh	kanan	lelaki	menghadap
🧎‍➡	orang bersimpuh: menghadap kanan	bersimpuh	kanan	melutut	menghadap	orang bersimpuh
🧏	orang pekak	dengar	isyarat tangan	kebolehcapaian	kelainan upaya	masalah pendengaran	orang	pekak	telinga
🧏‍♀	perempuan pekak	pekak	wanita
🧏‍♂	lelaki pekak	lelaki	pekak
🧐	muka dengan cermin mata satu kanta	berkelas	cermin mata satu kanta	formal	kaya	kolot	mewah
🧑	dewasa	gender-neutral
🧑‍⚕	pekerja kesihatan	ahli terapi	doktor	jururawat	penjagaan kesihatan
🧑‍⚖	hakim	neraca
🧑‍✈	juruterbang	kapal terbang
🧑‍🌾	petani	pekebun	peladang ternak
🧑‍🍳	tukang masak	cef
🧑‍🍼	orang menyusui bayi	ayah	baru lahir	bayi	bayi baru lahir	ibu	menyusu	menyusui	orang	pengasuh
🧑‍🎄	orang claus	Claus	Claus, krismas	krismas	orang	percutian	santa	topi merah
🧑‍🎓	pelajar	graduan
🧑‍🎤	penyanyi	bintang	pelakon	penghibur	perempuan	rock
🧑‍🎨	artis	palet
🧑‍🏫	guru	pengajar	profesor
🧑‍🏭	pekerja kilang	industri	kilang	pekerja	pemasangan
🧑‍💻	ahli teknologi	ahli teknologi wanita	pembangun	pencipta	pengekod
🧑‍💼	pekerja pejabat	arkitek	kolar putih	pengurus	perniagaan
🧑‍🔧	mekanik	juruelektrik	tukang	tukang paip
🧑‍🔬	saintis	ahli biologi	ahli fizik	ahli kimia
🧑‍🚀	angkasawan	roket
🧑‍🚒	ahli bomba	trak bomba
🧑‍🤝‍🧑	orang berpegangan tangan	akrab	berpegang tangan	kawan	orang	pasangan	pegang	persahabatan	tangan
🧑‍🦯	orang dengan tongkat putih	buta	kebolehsampaian
🧑‍🦯‍➡	orang dengan tongkat putih: menghadap kanan	buta	kanan	kebolehsampaian	menghadap	orang dengan tongkat putih
🧑‍🦰	dewasa: rambut merah	dewasa	gender-neutral	rambut merah
🧑‍🦱	dewasa: rambut kerinting	dewasa	gender-neutral	rambut kerinting
🧑‍🦲	dewasa: botak	botak	dewasa	gender-neutral
🧑‍🦳	dewasa: rambut putih	dewasa	gender-neutral	rambut putih
🧑‍🦼	orang dalam kerusi roda bermotor	kebolehsampaian	kerusi roda
🧑‍🦼‍➡	orang dalam kerusi roda bermotor: menghadap kanan	kanan	kebolehsampaian	kerusi roda	menghadap	orang dalam kerusi roda bermotor
🧑‍🦽	orang dalam kerusi roda manual	kebolehsampaian	kerusi roda
🧑‍🦽‍➡	orang dalam kerusi roda manual: menghadap kanan	kanan	kebolehsampaian	kerusi roda	menghadap	orang dalam kerusi roda manual
🧑‍🧑‍🧒	keluarga: dewasa, dewasa, kanak-kanak	dewasa	kanak-kanak	keluarga
🧑‍🧑‍🧒‍🧒	keluarga: dewasa, dewasa, kanak-kanak, kanak-kanak	dewasa	kanak-kanak	keluarga
🧑‍🧒	keluarga: dewasa, kanak-kanak	dewasa	kanak-kanak	keluarga
🧑‍🧒‍🧒	keluarga: dewasa, kanak-kanak, kanak-kanak	dewasa	kanak-kanak	keluarga
🧑‍🩰	penari balet	balet	penari
🧒	kanak-kanak	anak	cucu	kecil	muda
🧓	dewasa lebih tua	datuk	dewasa	nenek	orang	tua
🧔	orang: janggut	berjanggut	jambang	janggut	misai	orang
🧔‍♀	wanita: janggut	janggut	wanita
🧔‍♂	lelaki: janggut	janggut	lelaki
🧕	wanita bertudung	hijab	mantila	tichel	tudung
🧖	orang dalam bilik berwap	bilik berwap	mandi wap	orang	santai	sauna	spa	tenang	wap
🧖‍♀	wanita dalam bilik berwap	bilik wap	sauna
🧖‍♂	lelaki dalam bilik berwap	bilik wap	sauna
🧗	orang mendaki	bukit	gunung	orang memanjat	panjat	pemanjat	pendaki
🧗‍♀	wanita mendaki	pendaki
🧗‍♂	lelaki mendaki	pendaki
🧘	orang dalam kedudukan teratai	berehat	duduk bersilang kaki	kedudukan teratai	meditasi	tafakur	yoga
🧘‍♀	wanita duduk teratai	tafakur	yoga
🧘‍♂	lelaki duduk teratai	tafakur	yoga
🧙	ahli silap mata	ahli sihir	ajaib	dukun sihir	jampi	magik	mantera
🧙‍♀	ahli sihir wanita	dukun sihir wanita
🧙‍♂	ahli sihir lelaki	dukun sihir lelaki
🧚	pari-pari	cerita dongeng	fantasi	kecil	mistik	orang	peri	sayap
🧚‍♀	pari-pari wanita	Titania
🧚‍♂	pari-pari lelaki	Oberon	Puck
🧛	puntianak	darah	dracula	ghaib	gigi	hantu	mayat hidup	taring
🧛‍♀	puntianak wanita	mayat hidup
🧛‍♂	puntianak lelaki	Dracula	mayat hidup
🧜	manusia duyung	cerita dongeng	duyung	ikan duyung	lautan	makhluk	manusia ikan	siren
🧜‍♀	ikan duyung	duyung jantan
🧜‍♂	duyung jantan	Triton
🧝	orang halus	ajaib	bunian	cerita dongeng	fantasi	magis	mitos	sihir
🧝‍♀	orang halus wanita	ajaib
🧝‍♂	orang halus lelaki	ajaib
🧞	jin
🧞‍♀	jin betina	jin
🧞‍♂	jin jantan	jin
🧟	zombi	bangkai bernyawa	halloween	mati	mayat hidup	menakutkan	takut	zombie
🧟‍♀	zombi wanita	bangkai bernyawa	mayat hidup
🧟‍♂	zombi lelaki	bangkai bernyawa	mayat hidup
🧠	otak	bijak	cerdik	pandai	pintar
🧡	hati jingga	143	hati	jingga
🧢	kep berbil	topi	topi baseball	topi besbol
🧣	skaf	leher	sejuk	selendang
🧤	sarung tangan	tangan
🧥	kot	brr	jaket	sejuk
🧦	stoking	sarung kaki
🧧	angpau	hadiah	nasib baik	paket merah	sampul duit	sampul merah	tuah	wang
🧨	petasan	api	bahan letupan	bahaya	bunga api	cahaya	dinamit	letupan	mercun	percikan api
🧩	kepingan suai gambar	cantum	cantuman	jigsaw	kepingan	petunjuk	saling mengunci	suai gambar	susun	susun suai	teka-teki
🧪	tabung uji	ahli kimia	bahan kimia	eksperimen	kimia	makmal	sains
🧫	piring petri	ahli biologi	bakteria	biologi	kultur	makmal	sains
🧬	dna	ahli biologi	evolusi	gen	genetik	hayat	kehidupan	sains
🧭	kompas	arah	bermagnet	magnet	mengorientasi	navigasi	panduan
🧮	sempua	abakus	cepua	kalkulator	kira	pengira	pengiraan
🧯	alat pemadam api	api	lindap	memadamkan api	padam	pemadam api
🧰	kotak alat	alat	alatan	kotak	kotak merah	mekanik	peralatan	perkakas	peti
🧱	bata	batu-bata	dinding	merah bata	mortar	tanah liat
🧲	magnet	bentuk u	bermagnet	daya magnet	daya tarikan	ladam	ladam kuda	negatif	penarik	positif	tarikan
🧳	bagasi	beg	beg pakaian	beg tarik	berkemas	kembara	melancong	menyusun
🧴	botol losyen	losyen	pelembab	pelembap	pelindung	penapis suria	pencuci	syampu
🧵	benang	gelendong	jarum	menjahit	tali
🧶	yarn	bebola	benang	benang bulu	bola	kait	krusye	mengait	yan
🧷	pin dawai	lampin	punk rock
🧸	beruang teddy	anak patung beruang	anak patung lembut	barang mainan	beruang	hadiah	mainan	plusy	sumbat
🧹	penyapu	ahli sihir	membersih	menyapu
🧺	bakul	berkebun	berkelah	berladang	dobi	dobi-mendobi
🧻	gulungan kertas	gulung	kertas	tandas	tuala
🧼	sabun	bekas sabun	bersih	buih	cuci	mandi	membersih	mencuci	pembersihan	pencuci
🧽	span	berliang	membersih	membersihkan	menyerap	poros	rendam	sental
🧾	resit	bukti	invois	keterangan	penyata	perakaunan	simpan kira	simpan kira-kira
🧿	azimat nazar	azimat	biru	manik	mantera	mata syaitan	nazar	pesona	tangkal
🩰	kasut balet	balet	tarian
🩱	sut renang terus	baju renang	sut mandi
🩲	seluar dalam	pakaian dalam	sut mandi	sut renang	terus
🩳	seluar pendek	baju mandi	pakaian dalam	seluar
🩴	sandal tali kulit	sandal	sandal pantai	santai	selipar	tali kulit	zōri
🩵	hati biru muda	biru muda	hati	sian	teal
🩶	hati kelabu	hati	hati pucat	kelabu	perak	slat
🩷	hati merah jambu	143	ILY	cinta	comel	emosi	hati	istimewa	manis	menawan	merah jambu	suka
🩸	titisan darah	cedera	darah	derma	haid	titisan	ubat
🩹	pembalut adhesif	luka	pembalut	pembalut berpelekat
🩺	stetoskop	doktor	jantung	perubatan
🩻	sinar-x	X-ray	doktor	perubatan	rangka	tulang
🩼	topang	alat bantu pergerakan	kayu	kehilangan upaya	sakit	tongkat
🪀	yo-yo	mainan	naik turun
🪁	layang-layang	melayang	terbang
🪂	paracut	geluncur angin	parasail	payung terjun	sukan udara	terjun udara
🪃	bumerang	australia	bertentangan	gema	lantun
🪄	tongkat sakti	ahli sihir	ahli silap mata	bestari	magik
🪅	pinata	festival	gula-gula	parti	perayaan	pesta cinco de mayo
🪆	anak potong sekelompok	anak patung	anak patung tradisional Rusia	boneka	boneka kayu	kelompok	matryoshka	patung kayu	rusia
🪇	marakas	gahu	goncang	goyang	instrumen	muzik	perkusi	rattle
🪈	seruling	alat muzik	alat tiup kayu	faif	muzik	orkestra	paip	pikolo	rekorder
🪉	hap	alat muzik	cinta	dewa asmara	kupid	muzik	orkestra
🪊	trombon	alat	bras	jaz	muzik	sedih	sorong	tarik
🪎	peti harta karun	barang berharga	emas	hadiah	kekayaan	perak	permata	rampasan	wang
🪏	penyodok	cedok	gali	kebun	lubang	salji	taman	tanam
🪐	planet bergelang	Zuhal	planet	suram	zuhal
🪑	kerusi	duduk	tempat duduk
🪒	pisau cukur	cukur	tajam
🪓	kapak	belah	kapak kecil	kayu	tetak
🪔	lampu diya	diya	lampu	minyak
🪕	banjo	alat muzik	bertali	muzik
🪖	helmet tentera	askar	helmet	perang	perwira	tentera
🪗	akordion	alat	konsertina	kotak himpit	muzik
🪘	karatung	bongo	dram	gendang	irama	konga	rentak
🪙	syiling	dolar	duit	emas	euro	harta karun	kaya	logam	perak
🪚	gergaji kayu	alat	gergaji	kayu gergaji	memangkas	memotong	tukang kayu
🪛	pemutar skru	alat	alatan tangan	berguna	gajet	pemutar skru berkepala rata	perkakas	skru
🪜	tangga	anak tangga	daki	jejak	panjat
🪝	cangkuk	bengkok	keluk	memancing	mengail	menjerat	tangkapan	titik jualan
🪞	cermin	bersolek	pantulan	pemantul	spekulum
🪟	tingkap	bingkai	bukaan	lutsinar	pandangan
🪠	pelocok	locok	pelocok tandas	pembantu tukang paip	penekup paksa	tandas tersumbat	tukang paip
🪡	jarum menjahit	jahit menjahit	jahitan	jarum	menjahit	sulaman	sutur
🪢	simpul	ikat	lilit	mengikat simpulan	pintal	simpul angka lapan	tali
🪣	timba	baldi	pak	vat
🪤	perangkap tikus	jerat	keju	perangkap	umpan
🪥	berus gigi	bersih	berus	bilik mandi	gigi	kebersihan	peralatan mandian	pergigian
🪦	nisan	batu nisan	batu peringatan	kematian	kubur	mati	peringatan	perkuburan	rip
🪧	plakad	kad	notis	piket	plak	protes	tanda
🪨	batuan	batu	batu besar	batu tongkol	kayu	keras
🪩	bola cermin	bola disko	disko	kilauan	menari	parti
🪪	kad pengenalan	ID	kelayakan	keselamatan	lesen	pengesahan identiti
🪫	bateri lemah	elektronik	tenaga rendah
🪬	hamsa	Fatima	Mary	Miriam	azimat	perlindungan	tangan
🪭	kipas tangan boleh lipat	kipas	kipas tangan	malu	menyejuk	objek	panas	sejuk	tarian
🪮	pin rambut	Afro	rambut	sikat
🪯	khanda	Sikh	agama
🪰	lalat	berengga	mereput	penyakit	perosak	serangga
🪱	cacing	anelid	cacing tanah	parasit
🪲	kumbang	pepijat	serangga
🪳	lipas	haiwan	perosak	serangga
🪴	pokok dalam pasu	hiasan	membesar	pasu	pokok	rumah	semai	tanam	tumbuh
🪵	kayu	balak	batu	kayu gergaji	perkayuan
🪶	bulu pelepah	buluan	ringan	terbang
🪷	teratai	Budisme	Hinduisme	India	Vietnam	bunga	kesucian
🪸	karang	laut	terumbu
🪹	sarang kosong	petarangan
🪺	sarang dengan telur	petarangan
🪻	keladi bunting	bluebonnet	bunga	bunga keladi bunting	lavender	lembayung	lupine	snapdragon
🪼	ubur-ubur	aduh	haiwan	invertebrata	jeli	marin	pedih	sengat
🪽	sayap	burung	mitos	murni	penerbangan	terbang
🪾	pokok tidak berdaun	batang	dahan	kayu	kemarau	mati	musim sejuk	pokok	tanpa daun	tidak berdaun	tumbuhan
🪿	angsa	ayam	burung	haiwan	hon	mamai
🫀	organ jantung	anatomi	degupan	hati yang sebenar	jantung	kardiolagi	merah	organ	rentak
🫁	paru-paru	bernafas	menghembus	menyedut	organ	pernafasan
🫂	orang berpelukan	belaian	helo	keselesaan	peluk	persahabatan	sahabat	sayang	selamat tinggal	silatulrahim	terima kasih
🫃	lelaki bunting	berangin	hamil	penuh	perut
🫄	orang hamil	buncit	hamil	kembung	kenyang	perut
🫅	orang memakai mahkota	agung	kerabat diraja	mulia	raja
🫆	cap jari	cetak	detektif	forensik	identiti	jejak	jenayah	keselamatan	misteri	petunjuk
🫈	makhluk berbulu	berbulu	bigfoot	cryptid	gergasi	hutan	sasquatch	woodwose	yeti
🫍	orca	ikan paus	lautan	marin
🫎	moose	elk	haiwan	mamalia	tanduk rusa
🫏	keldai	baghal	degil	haiwan	mamalia
🫐	beri biru	beri	bilberi	biru	buah	makanan
🫑	cili kembung	cabai	lada	lada benggala	makanan	pedas	sayur
🫒	buah zaitun	makanan
🫓	roti leper	arepa	lavash	makanan	naan	pita	roti	sejenis roti
🫔	tamale	berbungkus	kek jagung	makanan traditional orang Brazil	mexico
🫕	fondue	Swiss	cair	coklat	keju	makanan	periuk
🫖	teko teh	bancuh	membancuh	minum	minuman	teh	teko
🫗	menuang cecair	gelas	kosong	minum	tuang air	tumpah
🫘	kacang	kacang buncis	legum	makanan
🫙	balang	bekas	kosong	rerempah	simpan	sos
🫚	akar halia	akar	bir	halia	herba	makanan	rempah
🫛	lenggai	edamame	kacang pea	kekacang	legum	makanan	pea	sayuran
🫜	sayur akar	akar	bit	lobak	makanan	salad	sayur	taman	vegetarian
🫟	percik	cat	cecair	dakwat	kotoran	pewarna	titis	tumpah
🫠	muka mencair	cair	cecair	hilang	lenyap	mencair
🫡	muka sedang menabik	askar	cerah	ok	tabik	ya
🫢	muka dengan mata terbuka dan tangan atas mulut	kagum	kekaguman	malu	takut	terkejut	tidak percaya
🫣	muka dengan mata mengintai	intai	renung	tertawan
🫤	muka dengan mulut serong	kecewa	meh	ragu-ragu	tidak pasti
🫥	muka garis putus-putus	halimunan	introvert	lenyap	murung	sembunyi	tidak berminat
🫦	menggigit bibir	bimbang	gelisah	menggoda	risau	takut	tidak selesa
🫧	buih	bawah air	bersih	sabun	sendawa
🫨	muka bergoyang	bergegar	bergetar	cemas	gelisah	gempa bumi	getaran	kejutan	muka	panik	terkejut
🫩	muka dengan lingkaran gelap bawah mata	kantuk	letih	mula dengan lingkaran gelap bawah mata	penat
🫪	muka herot	kebimbangan	kembung perut	panik	terdedah	terkejut
🫯	awan pergelutan	bergaduh	gusti	hujah	kecoh	lawan	perbahasan	perselisihan faham
🫰	tangan dengan jari telunjuk dan ibu jari bersilang	bentuk hati	mahal	petik	suka	wang
🫱	tangan kanan	arah kanan	hulur	jabat tangan	kanan	pegang	salam	tangan
🫲	tangan kiri	arah kiri	hulur	jabat tangan	kiri	pegang	salam	tangan
🫳	tapak tangan ke bawah	abaikan	jatuhkan	syuh
🫴	tapak tangan ke atas	ajak	mari	mengajak	tangkap	tawarkan
🫵	jari telunjuk menunjuk ke arah pemandang	anda	tunjuk
🫶	tangan berbentuk hati	cinta
🫷	tangan menolak ke arah kiri	arah kiri	berhenti	enggan	menolak	sabar	tepuk ria	tunggu
🫸	tangan menolak ke arah kanan	berhenti	enggan	ke arah kanan	menolak	tepuk ria	tunggu
﷼	rial	mata wang
